7ddd16c2-3609-4850-9d7d-1126ffe5d397|2020-08-12|0.808|The Oura Ring has been getting a lot of attention lately because of its role in a number of COVID-19 studies, as well as its adoption by both the NBA and WNBA as a potential tool for helping prevent any outbreaks of the novel coronavirus as those two leagues …
3ca66bc4-2803-49fd-a2ed-259bcf260014|2020-08-12|0|Joe Biden’s decision to name California Senator Kamala Harris as his running mate in the quest to unseat President Trump means that the next White House could be occupied not only by a Black woman — a historic milestone by any account — but also by someone wh…
57e90ab6-f265-4a1a-a863-fee8e8dc59d8|2020-08-12|-0.698|Facebook said Tuesday it can’t moderate its own site or its subsidiary Instagram as effectively as possible for certain categories of rule violations during the novel coronavirus pandemic, while almost nobody got the chance to appeal its moderators’ decisions…
66155657-8992-4a64-8856-abf049ab1c5b|2020-08-12|0|Billy Woods, the sheriff of central Florida’s Marion County, banned masks for all deputies and visitors to the sheriff’s office starting Tuesday, according to a new report from the Ocala Star Banner—a strange decision to make in the middle of a pandemic that’…
525f6152-4fce-42d0-8e93-7b7a93f0739e|2020-08-12|0|As Texas soars past 500,000 Covid-19 cases, state officials are redoubling their efforts to get residents to wear masks and practice social distancing, after suggesting that the surge has been driven by people letting their guard down.
834b04d1-d7db-4bdc-a93a-ef485a7cb291|2020-08-12|-0.403|Cherokee County in Georgia opened up its schools for in-person learning. Within days, the numbers of confirmed Covid-19 infections and quarantines were making some parents change their minds about their children going to school.
b5483612-8894-49ba-9e15-644e74860939|2020-08-12|-0.163|After 28 years as a schoolteacher, Tracy Strange knew how the first week should go. The school would smell fresh and clean. The floors would be polished. The children would be hopeful, their enthusiasm not yet diminished by the fatigue of the year. She would …
bdade82a-185e-4d25-b27d-abc25732e67b|2020-08-12|-0.832|A study says at least 800 people have died globally because of coronavirus-related misinformation.
6b983672-34d4-4222-9a23-d76e619cb632|2020-08-12|-0.487|Of 55 health facilities assessed by the World Health Organization, half are "non-functional".
251b3ce6-3b87-4474-986e-a17b98f377dd|2020-08-12|-0.704|A Barcelona player has tested positive for the novel coronavirus after reporting back for pre-season training, the La Liga side said in a statement on Wednesday .
451e8eb3-ed04-4855-9570-0aaed5c86219|2020-08-12|0|Norway is reimposing quarantine on more travellers from foreign countries, the government said on Wednesday, and reiterated its advice that Norwegians should avoid travelling abroad amid a jump in the number of new coronavirus cases.
b1695e85-696e-44df-8510-3089e967a732|2020-08-12|-0.26|Greece reported 262 new cases of COVID-19 on Wednesday, its highest daily tally since the start of the coronavirus outbreak in the country.
9cfd1ec6-eeab-4726-b59f-750a3935154d|2020-08-12|-0.766|Singapore on Wednesday reported 42 new COVID-19 cases, its lowest daily count in about four and a half months.
7d0d4d81-28f9-497f-87c8-7630b1c87377|2020-08-12|0|Venezuelan oil minister Tareck El Aissami said on Wednesday he had recovered from the novel coronavirus, a month after he tested positive for COVID-19.
65c24819-2b1d-4a25-a84d-0655b7ced882|2020-08-12|0|The Brazilian state of Parana on Wednesday reached a deal with Russia to produce a COVID-19 vaccine that Moscow has touted as the first to market, the state's press office said, although details of the agreement were not immediately available.
1b318c2f-084b-45fd-bb02-7a417786d8a7|2020-08-12|-0.667|Infrastructure company Balfour Beatty reported a pretax loss for the first half on Wednesday, as the COVID-19 crisis forced it to halt construction work at its projects in March and April.
299e870a-7159-415e-8543-d7e89f25b40b|2020-08-12|0.335|Shares of Moderna Inc rose 11% on Wednesday after the company signed a $1.5 billion deal with the U.S. government for the supply of its experimental coronavirus vaccine.
c5e83c43-872d-4c3b-b3c8-271a5d2b0c4a|2020-05-27|0.68|May was a busy month at DigitalOcean, with a brand new data center and updates to many of our products. Here are the highlights:
32b7f9c7-3dd3-4b66-a46d-08858f84db3c|2020-05-27|-0.193||Introduction
The idea behind this post was to play and discover some of the info contained in the COVID19 R package which collects data across several governmental sources.This package is being developed by the Guidotti and Ardia from COVID19 Data Hub.
Later,…|
1c2c554c-c1b8-43da-a5e3-b7f92824c73b|2020-05-27|0|The novel coronavirus disease 2019 (COVID-19) has grown to be a global public health emergency since patients were first detected in Wuhan, China. Thus far, no specific drugs or vaccines are available to cure the patients with COVID-19 infection. The immune s…
55f1b91d-b37c-46ef-88b3-1157be454136|2020-05-27|0|Decisions about the country’s research flagship will signpost national priorities.
84bfe93b-707f-4e93-ae8a-13ffb7bcb7c3|2020-05-27|0.195|By redirecting funding to small teams, the country is betting on the creativity of its scientists.
e8cd0305-cfa7-460a-b01a-3a21b5144e7d|2020-05-27|0.869|Congratulations on finishing exams and wrapping up the semester. The HBS Student COVID-19 Task Force wants to thank this entire community - students, faculty, and staff - for coming together to support each other and finding new ways to give back during these…
793e5551-56e0-4c80-9654-08e00a49073a|2020-06-25|0.683|MALVERN, Pa.--(BUSINESS WIRE)---- $PQG #refinancing--PQ Group Holdings Announces Successful Pricing and Allocation of New Senior Secured Term Loan Facility
03f9503c-a84d-4f2e-9b57-1242c13cf810|2020-06-25|0.761|EVANSVILLE, Ind.--(BUSINESS WIRE)--Berry Global to Supply Medicom in support of British Government’s Mask Manufacturing Mandate
e484a0f7-4fbb-4a7d-ab1f-afdab53d9be9|2020-06-25|0.418|“Let's try to make something good out of something really bad,” says “Survivor: Africa” winner, and lymphoma survivor, Ethan Zohn.
36c0baa7-7883-4ed8-ad75-5a72417954b9|2020-06-25|-0.363|TORONTO, June 25, 2020 /PRNewswire/ -- ACLU president Susan Herman today said a 2015 report on the Minneapolis police proved the department was "highly racist" – five years before one of its members killed George Floyd this May. Herman made the remarks at the…
a06e3ba5-e490-4b23-ad9f-a39e1147243e|2020-06-25|0|The Federal Reserve recently banned 34 largest banks from share buybacks in the third quarter (Q3). The Fed additionally, capped dividend payment to t
7054edee-b853-4825-a312-81da321dc635|2020-06-25|-0.167|From the left: The Looming China-America Split For years, China and the United States were in “a period of unconscious economic coupling,” but no more, observes The New York Times’ Thomas Friedman. The two are now headed for “divorce” — and China’s “overreach…
06086be2-69ac-42ad-ab70-68155edb6a4e|2020-06-25|0.245|The  Tampa Bay Rays  are "actively exploring" scenarios to have fans attend the team's games when  MLB  games resume, according to  Marc Topkin  of the  Tampa Bay Times .     "[ St...
65826063-2e26-4731-84fe-99ec46588260|2020-06-25|0.77|UK government provided £4.4 billion in support for exporters across the country
23b1979b-2d9b-4190-b277-d1a39f2aa7dd|2020-06-25|-0.367|"Everybody says, 'Oh it's my family. I'm going to go see my brother. I’m going to see my cousin,' and they think that’s a safe word."View Entire Post ›
e977294f-df3a-4a52-9807-394b368c90d7|2020-06-25|-0.992||https://i.redd.it/t1po5w7ec2751.png
 

 "I'm becoming convinced that Covid is not far from taking on the characteristics of gun violence. The U.S. will endure much higher, persistent negative effects from something that other countries have solved; we'll norm…|
7913d7c6-3f40-41a7-8148-4d5975ee1900|2020-06-25|0|‘It is our behaviors that are leading to these numbers,’ Gov. Gavin Newsom said.
3ac176a7-b66b-4248-987a-63643508e0e1|2020-06-25|-0.765|The virus doesn't care which party affiliation you might have. Let's place the blame where it belongs.
f6ea6810-b7eb-4b0c-9388-5020ec66a6ef|2020-05-28|-0.659|The rest of the world should worry, too
35de2c7f-0fe5-4758-926c-75f885dda8e8|2020-05-28|-0.958||Singtel’s financial report for the year ending this March have revealed net profit of just $754 million, down 65% on the previous year.
 
This massive decrease marks the Singaporean telco’s weakest financial performance in over two decades…read more on TotalT…|
218d7e3c-790d-47ce-b3ce-5203c459eb3a|2020-05-28|0.632|May 28, 2020Daniel Bicknell graduated from Harvard Kennedy School in May 2020 with a Master in Public Policy degree. A Belfer International and Global Affairs Student Fellow, he reflects here on his HKS experience and upcoming plans.
400d49f6-b813-486a-803b-2ac10d615773|2020-05-28|0.876|May 28, 2020Bo Julie Crowley graduated in May 2020 with a Master in Public Policy from Harvard Kennedy School. A Belfer International and Global Affairs Student Fellow, she reflects here on special moments and experiences at HKS.
e085bc76-cab9-435b-a0a5-ecdd910af905|2020-05-28|-0.734|Contrary to what many Americans think, the death rate in America is about the same as in Europe
b095c1d1-3b92-4477-96bc-d2c53d3b2a5b|2020-06-25|0.86|MORRISTOWN, N.J.--(BUSINESS WIRE)--Majesco (NASDAQ: MJCO), a global leader of cloud insurance software platform, today announced AGIA, Inc. completed its upgrade to Majesco’s InsPro PAS and moved to the Cloud, running on AWS. AGIA is a technologically advance…
133338544-4962-4902-a1d6-fe87db1f0765|2020-09-09|-0.857|Michael D'Antonio details why Trump could go down as the worst US president in history. From his failure to take the steps that would have saved lives amid the pandemic to his amplification of misinformation, here's what Trump has cost the nation during his f…
03dd171d-b127-41fa-9180-c672204f2320|2020-05-28|0.476||Salt Lake City || Thursday, 28 May 2020 || On President Russell M. Nelson’s social media accounts, President Nelson and Sister Wendy W. Nelson share their feelings of reverence and gratitude for the holy sacrament. They describe their personal experience in par…|
452c060e-c92e-4acd-8c2a-b987cb265e7c|2020-05-28|0.706|I find myself saying this quite often these days. Operating under this next normal, whether I am having work or personal conversations, I continue to challenge myself to find it. Sure, I have my good days and bad days like everyone else. But the good news is …
90c72d6a-2991-4118-942a-9810a7850276|2020-05-28|0|According to a Reuters poll of economists released on Wednesday, the global economy will shrink by 3.2% this year.
e181cb94-6ff0-41fa-be09-4b36fd467ff1|2020-05-28|0.287|High levels of economic activity can foster the spread of communicable diseases through frequent person-to-person interactions.  This column discusses how research on high levels of employment affects the spread of influenza and other viruses transmitted via …
7db5e85c-aa9c-4665-9c16-c8e3cd7db1e3|2020-05-28|1|
969b458c-16d9-477c-9b8d-30fa62b68bf1|2020-05-28|0.521|In this instalment of our series, Dear Diary: In a Time of COVID-19, Sima Chowdhury tells us about fighting to see her mother in hospital, who ultimately made the decision she would be better off at home.
bc13fcae-952e-4f00-822c-057d02e64454|2020-05-28|-0.739|Gentry County has gone from three COVID-19 cases a week ago to now having 21 active cases as of Wednesday along with reporting its first COVID-19 death.
4b6207ed-97dc-47e1-82a1-8fd6d87cf9e7|2020-05-29|-0.273|Has Covid accelerated the future of work? This column argues that Covid has changed the future of work via four shocks: massive job losses, massive digital transformations, massive debt burdens, and massive costs of socially distanced office space. These matt…
4e20be8f-2a4e-4e73-9feb-709e25956194|2020-05-29|0|Auckland Council leaves no area unscathed as it makes large scale cuts to bridge a $525million gap caused by impact of Covid-19.
cee378d5-bb78-423c-864d-477e9c66955d|2020-05-29|-0.173|Request for €20 rise during crisis from 40 organisations is rejected
647d89e6-03ac-4eb4-868f-ca1f3a261497|2020-05-29|-0.651|I suspect many teachers are recoiling from the phrase “the new normal”. There is nothing normal about remote teaching and the idea that it can become a long-term replacement for the classroom or lecture hall is anathema to most in education. Also worrying is …
9abcbd16-033f-4fc3-9f62-4ec8091b08a4|2020-05-29|0.198|Abdelrahman Y. Fouda shares six things he learnt from interviewing online.
9c1ae27f-71d4-4242-83b4-4a9f69c733cb|2020-05-29|0|Racing Point's planned rebirth as Aston Martin is still on, regardless of the ongoing chaos wrought by the coronavirus pandemic. In fact, as STUART CODLING explains, team owner Lawrence Stroll has taken advantage of plunging stock markets to drive a better de…
a4364cf1-9f28-473d-b6d9-bac518d82d48|2020-05-30|0.814|Cut by Wolfgang Puck, Mott 32, and more favorite restaurants reopen
d47ba82b-4a25-4714-922a-adcb250daf18|2020-05-30|0.556|OPINION: No-one knows what lasting impact Covid-19 will have, which means it's time to listen.
b53bb304-3600-4f68-9253-a2dcd8b39c06|2020-05-30|-0.431|Below are experts from the ProfNet network who are available to discuss timely issues in your coverage area.
01e00b1a-269c-41fc-a063-2a760e6ec957|2020-05-30|0|The COVID-19 crisis has hit women’s employment particularly hard, partly because the worst-hit sectors have high female employment shares, but also because schools and daycare closures have forced more mothers to leave their jobs. This column looks at Germany…
0e98d7d9-158c-413d-876b-25f68498e7c8|2020-05-30|0|Non-performing loans are a crucial policy consideration, especially in times of wider economic crisis. This article uses a new database covering 88 banking crises since 1990 to draw lessons for post-COVID-19 resolution of non-performing loans.  Compared to th…
3ca120da-f54d-4fe8-80dd-91b4f5650c09|2020-05-30|0.446|As debates about the future of the World Health Organization rage on, the Covid-19 pandemic is a reminder of the vital importance of global public health institutions. This column considers what principles should guide WHO’s missions and tools to deal with pa…
aa3184c2-0d09-4a57-8449-38e76939b8a8|2020-05-30|0|Covid-19 is recalibrating urban living but capitals endure as exciting laboratories
ceefec49-f160-4510-903e-4f37cc07f8ee|2020-05-30|0|Cities rise and fall, but the city has a way of confounding its would-be obituarists. Futurists thought digital communications would kill off urban living. The growth of the suburbs threatened to hollow out the centre. The 9/11 attacks were presumed by many t…
dcc64c9a-ee4c-44c0-8cc9-0b3631957030|2020-05-30|-0.445|243 pregnant women, some of them close to their due dates, were among 343 Vietnamese citizens repatriated from Taiwan Friday.
9f3ae5d0-3ec9-49ec-abf3-c4a54017927f|2020-05-30|0.334|An Amherst company has created a program aimed to connect small businesses with other small businesses who may need a helping hand.
ad3c1499-1a1f-4a8d-aa20-ef6d41a46d06|2020-05-30|0|The mayor of Dayton, Ohio, on how badly America's cities need a bailout, and how painful the impact could be if they don't get one.
293ff7ef-c856-4ff0-b07f-c3995075aeb7|2020-05-30|-0.227|NEW YORK, May 29, 2020 /PRNewswire/ -- Below are experts from the ProfNet network who are available to discuss timely issues in your coverage area. You can also submit a query to the hundreds of thousands of experts in our network – it's easy and free. Just f…
a8816e76-a19f-438a-8d20-f9369a982f55|2020-05-29|0|India News: NEW DELHI: India reported the highest single-day rise in Covid-19 cases as well as deaths, with over 7,700 new infections detected and 270 fatalities .
19f9919f-b0e6-4392-95ff-6a3912355f16|2020-05-29|0|Going stir-crazy in quarantine? You're not alone. Here's what Kathy Griffin is up to right now, from making smoothies to writing Jared Kushner jokes.
f4adc7e6-098e-4cd1-966f-1a6d6badd4f0|2020-05-31|-0.186|The COVID-19 pandemic is causing serious financial problems for UK universities. This column identifies the over-reliance on Chinese students for fee income as the main cause of the impact and considers what steps the government might take to support universi…
701ec446-7b62-4f0e-b70e-f5b9fa72a69e|2020-05-31|-0.447|Here's how things stack up in a metric-to-metric comparison of the two 3D printing companies' Q1 results.
16769987-4c8b-4177-9da5-247a6e464f41|2020-05-31|0.396|Letters from Lockdown, David Brophy’s Unsung Heroes, Meitheal na mBan, Alex Rider
0dea8118-5c03-442d-8d56-d15a6680c8ff|2020-05-31|-0.237|It is argued that COVID-19 will reverse the ongoing trend of challenging the value of science and the integrity of scientists. This column shows that exposure to epidemics in one’s country of residence during the ‘impressionable years’ of ages 18 to 25 has no…
2c614c3d-b728-464a-9df8-ec3ef4cc613c|2020-05-31|0.756|As museums reopen, fewer people will be able to see their treasures
b80a9ed6-6194-420f-a93e-e5c925c67caf|2020-05-31|0.374|AS NEW HAMPSHIRE’S BEACHES get ready to open Monday with pandemic protocols, my mind is on the slopes and the last networking event I attended.
10c66831-c7dc-4abf-906e-a3d63d604344|2020-05-31|-0.263|Looks like we’re going to get a full dose of government this week, some good but mostly bad.
7fc367de-1422-44ff-874e-31a28c8f7753|2020-05-31|-0.837|Two Rocky Mount Police Department employees have filed federal discrimination complaints in a continuing dispute centered on the town’s police chief, their attorney said.
a1d3c2a9-b00b-4700-9ac8-eef0d45c994f|2020-05-31|-0.305|The public health measures to ‘flatten the Covid-19 curve' will necessarily and appropriately impose large economic costs. This column, taken from a VoxEU eBook, identifies the constraints that policy faces during a pandemic – uncertainty, time, and capacity …
186c6efe-110c-424b-8653-a1099157b270|2020-05-30|0|Thousands of workers rallied Saturday outside the Renault factory in northern France to protest the automaker's decision to cut 15,000 jobs worldwide, including 4,600 in France. Unions said 8,000 people took part in the protest at the Maubeuge subsidiary over…
320ba177-51a3-4a30-aaac-59df731c839d|2020-05-30|0.337|The dying vivacity within the tattoo shop was indicative of the impending shutdown. The shop voluntarily closed their doors two days later.
b84488bb-2eb6-4cac-afc1-8877caa94caa|2020-05-30|-0.224|Seattle Mayor Jenny Durkan announced a city-wide curfew from 5:00 p.m. to 5:00 a.m. for Saturday and Sunday, May 30 and 31 after chaos broke out downtown.
98cdb8b6-0988-4886-b005-9368860a793b|2020-06-01|0.252|Roanoke City Council
ef6f552c-c640-4ba3-afbe-7820688203b6|2020-06-01|0|Good morning, it's June 1, 2020, a Monday morning perhaps like no other in the history of our republic. A hundred cities waking up to broken glass on the sidewalks, burned-out buildings, vulgar and threatening graffiti sprayed on buildings and streets. All th…
871c5891-576f-4830-8ae2-19e6a839cf70|2020-06-01|0.153|DILLON — Restaurants across the state were allowed to open at 50% capacity on Wednesday, May 27, in a step toward the reopening process after the full COVID-19 shutdown. Dining establishments throughout Summit County opened their patios and half of their rest…
ab60fbf9-65fe-45f3-8644-fcf3b828190a|2020-06-01|0.447|We are already in a period of massive digital disruption, driven by large-scale automation, hyper-connectivity and continually-changing customer expectations. Add to the mix the far-reaching impact of the recent COVID-19 crisis, and it’s no real surprise to d…
b543f9fb-bd5a-4777-ac9f-48a4cdd359fe|2020-06-01|0.875|The fundraising mega-walk will be held in New Plymouth from 2021.
1c9e97ff-b85d-42e8-bea6-4b9391b55c9e|2020-06-01|0.866|
3f11927f-e99a-4550-a374-c22f1b312adf|2020-06-01|-0.433||Time itself seemed to slow as the disease spread and millions of Americans self-isolated, creating a three-month monotony of press conferences and public health warnings that ended with the same directive: stay at home to slow the spread of COVID-19.
When the…|
65756b53-6e44-460e-8d30-9fc2c139e558|2020-06-01|-0.649||"America is burning. But that's how forests grow." So spoke Massachusetts Attorney General Maura Healey.
"Riots are an integral part of the country's march towards progress." So read a now-deleted tweet from the Democratic Committee of Fairfax County, Virgini…|
2db83f99-db5b-4188-8f02-73189498a1d4|2020-06-01|0.172|As scientists around the world return to work, they’re encountering new safety rules and awkward restrictions — and sometimes writing the protocols themselves.
e002be59-032c-4dc7-923d-74f5d6c67f82|2020-06-01|-0.507|The pandemic has exacerbated tension between church and state, and between religious figures, in many places
18e7553f-2eed-4f27-a338-4703d84f6885|2020-06-01|-0.325||Elinore McCance-Katz is of two minds but singular purpose. An epidemiologist and a board-certified psychiatrist, she says her training is why she thinks "a little differently about things than other people." She also talks a little differently.
Her bedside ma…|
b2605190-3218-44f0-843d-8e01440966d4|2020-06-02|0|Virtual meetings are becoming the norm under COVID-19 and winning over many researchers: part 3 in a series on science after the pandemic.
4c1ac076-b1ee-4892-a228-b29f97175b5e|2020-06-02|0|Financial crises could spell trouble for science budgets but spending could surge in some countries: part 2 in a series on science after the pandemic.
c29cd426-a6a8-48a5-bbc3-ac414cf0bb56|2020-06-02|0|Why have Republican leaders abandoned their principles in support of an immoral and dangerous president?
a786ec7f-a171-4a1f-bcff-697dc7d1ec4d|2020-06-02|-0.339|Advice services report doubling of calls from people concerned about employer actions
b94289bd-1ce6-4194-bfc1-41461c1fc484|2020-06-02|0|Europe’s longest-serving leader faces an Olympian test of her eye for detail
1dda4e20-f038-4ca4-ac1e-58637f66d8e9|2020-06-02|0|The Nevada State Athletic Commission was happy with the UFC’s performance at UFC on ESPN 9.
ec9cb3c6-058a-4e7c-aea4-0833b76e8524|2020-06-02|-0.197|Worries about the impact of COVID-19 on pregnant mothers and their offspring are wide-spread. As a comparison, the Spanish Flu pandemic had devastating health impacts on pregnant mothers and in-utero exposure to influenza is known to have negative short- and …
6e067d59-d7d2-4525-ad3d-d03c3d582172|2020-06-02|0.497||We see more and more agencies preparing for life after the pandemic by establishing practices and offshoots dedicated to post-virus communication and strategy. We asked M Group chief Jay Morakis to dive into the thinking behind establishing such a practice. 
…|
c3b0f2c2-dc57-4a96-8da6-27e2fd131726|2020-06-02|-0.734|Women’s unemployment has risen by more than men’s
e0c99548-e159-4e30-9257-143840c84c6e|2020-06-03|-0.388|Missouri reported eight additional deaths; Illinois, 113.
a84450f6-f4c7-4620-9cc8-5857aa652600|2020-06-03|0|As lockdown measures continue, or are relaxed only gradually, many small businesses continue to experience significantly reduced turnover. This column reports on a firm-level analysis across 16 emerging markets, and three Western European comparator countries…
a72093c2-a636-4cc5-8a35-a40f6b52ef9c|2020-06-03|-0.481||French operator Bouygues Telecom has officially requested that the nation’s 5G auction be delayed by six months. 
 
The official request comes just a week after group CEO, Martin Bouygues, penned an article recommending that the process does not proceed until…|
57acf946-0da4-46fb-b6d0-121478bda7df|2020-06-03|-0.371|On 31 May 2020, WHO received information that between 18 and 30 May, four deaths were reported from the same quarter (quartier Air Congo) in Wangata Health Zone, Mbandaka city, Equateur Province, the Democratic Republic of the Congo.
b74edd33-0b2a-4a6a-af0c-24cd86cc006a|2020-06-03|0.482|As if our 2020 wasn’t challenging enough, we are now confronted by another crisis that we must address. We are all feeling a lot of pain, anger, frustration, sadness and yes, fear. Especially, because with respect to race relations in the U.S., the progress f…
9d3083f3-b533-4096-9613-d52989d34a94|2020-06-03|0.907|Recessions thrust a number of unfair challenges upon small businesses. While business owners can't fix the larger problems that sparked the economic downturn, they can still take action to push their organizations forward. In this course, instructor Jay Clous…
9989a36a-688a-4ad5-97e6-d782f4f8f674|2020-06-03|-0.504|Insufficient SARS-CoV-2 testing has left many nations flying blind as they reopen their economies. Without adequate testing, new infections could outrun control measures.
f07d23cb-e980-4bd6-86dc-92743bf15e25|2020-06-04|0|Remote clinical trials and other changes could permanently alter pharmaceutical development: part 7 in a series on science after the pandemic.
9de47b39-3171-4d38-bb6d-13120f21c9aa|2020-06-04|0|Understanding the biochemical interplay between virus and cell could help identify new ways to tackle coronavirus
2fdffa2e-e7df-4618-9c37-0059261ce6ee|2020-06-04|0|The UK’s 2008 Climate Change Act has led to a 34% fall in CO2 emissions by 2019, while real GDP per capita had risen by more than 10% following the crash into the ‘Great Recession’. Can the UK achieve its recent net-zero emissions target by 2050 while still g…
25992d34-be91-4197-b4bd-992009d522b8|2020-06-04|0|The health costs of the Covid-19 pandemic are considerable, and the economic and social costs of lockdown policies are even larger. This column calls for an innovative mechanism to foster the development of a vaccine against Covid-19. Governments would commit…
4e773d9c-5b08-4bbd-bf3c-5b42d36af89c|2020-06-04|-0.423|US Politics: Sowing disunity at home is a bad tactic for a president seeking a winnable showdown abroad
75fb1ab4-58f3-415a-847c-20acb9f748a3|2020-06-04|0|The European Central Bank (ECB) is the central bank of the 19 European Union countries which have adopted the euro. Our main task is to maintain price stability in the euro area and so preserve the purchasing power of the single currency.
454a0b49-7f94-4651-b413-f145cf8f81f9|2020-06-05|-0.251|Many of the secrets uncovered weren’t particularly significant or indeed very secret. In themselves they don’t explain the degree of rage WikiLeaks provoked in the US government and its allies. This was a response to Julian Assange’s assault on their monopoly…
143035cd-500f-46a6-a869-661f824e854a|2020-06-05|0.746|Scientists return to work and an uncertain future. Plus: the month’s most spectacular science images and a call for a sea change in ocean data.
1ba27344-5757-45da-b4a8-d3689eea658e|2020-06-05|-0.442|Retracted studies had relied on health-record analyses from a company that declined to share its raw data for an audit.
1cee09fa-15d8-42c3-ba62-22a2dcf8c0fb|2020-06-05|0.364|By Karen Guzman The Chief Executive Leadership Institute’s Mayors College and CEO Summit, long planned for June 3, went on as planned, but in a new format—an online discussion, open to the public—and with a new theme: racism and the civil unrest sweeping the …
79b908ca-a218-4b9f-9e66-5ab8b29b318a|2020-06-05|-0.385|SAN FRANCISCO, June 4, 2020 /PRNewswire/ -- The first class action lawsuit was filed today on behalf of the more than 2,800 passengers negligently exposed to COVID-19 on the Princess Cruise Lines Grand Princess cruise from San Francisco to Mexico from Februar…
9744d689-c03f-48d6-a404-08808e9b216e|2020-06-05|-0.501|I awake Saturday morning. Awaiting me is a team text from Shana about IG. I lie there, lamenting my lack of sleep. I rub my Quarantine Food Baby and think about Danielle’s upcoming postpartum post. I speak with Shana about said IG post. I check the news again…
4114c73b-6184-416f-8750-ae65c0a7c829|2020-06-05|-0.688|The question remains: how many jobs have gone for good?
6d48450d-a9df-47cc-afde-bfac55bc4ba3|2020-06-05|-0.356|Concerns persist that COVID-19 vaccines could cause antibody-dependent enhancement, which can potentiate viral entry into host cells and worsen disease.
edd40b58-c064-4bae-82e7-5120b200a801|2020-06-06|-0.349|Hotels and airlines will need protocols to ensure their clientele is potentially okay just as travellers will examine holiday escapes in minute detail.
4980b669-6b29-4526-9d55-2d30b26bf797|2020-06-06|0.276|Loss carry-back rules are fine in theory, but aren't as straightforward as they may seem.
1554913b-da2e-4620-a50f-f32d9d453448|2020-06-06|-0.216|We are all Keynesians now with governments around the world shovelling cash into their economies to try to at least partially offset the economic damage of lockdowns. Even uber-prudent Germany has engaged in an extraordinary spending spree, first to support b…
e84d2944-95d4-4d7e-ac79-2b158254b59c|2020-06-06|0|Visitors to national parks must now make reservations before entering, the Ministry of Natural Resources and Environment says.
5a626cb3-f71e-4c29-9901-95fce633fdeb|2020-06-06|-0.343|St Mary’s Centre on Merrion Road says Covid-19 has had no bearing on decision
ec7ac05a-1db8-4287-b7c9-89aec4582ecd|2020-06-06|0.64|In this instalment of our series, Deary Diary: In a Time of COVID-19, Isabella Lopez Rivadeneira tells us about coding and building robots during the COVID-19 pandemic.
b0f5b596-1e1e-4069-b29c-c142ae553520|2020-06-06|0.292|Dana White media scrum video ahead of the UFC 250 event on June 6 via ESPN+ PPV from inside UFC APEX in Las Vegas, Nevada.
8e081430-76fa-4bff-9f5e-96d70f1eac22|2020-06-06|0.197|Reopening universities for the autumn term will be risky for individuals' health and safety. This column describes the latest epidemiological evidence and argues that the biggest influence on individuals’ risk of severe illness is age. Individuals in their si…
e9e366b8-3b50-40fd-9955-1ba0e1d13234|2020-06-06|0|Cabinet meetings gave Ministers a sense of ownership and brought cohesion to plan
55ee7cde-4cd4-4813-adc9-5081cf92823d|2020-06-06|-0.306|The spread of coronavirus disease 2019 (COVID-19) continues to grow exponentially in most countries, posing an unprecedented burden on the healthcare sector and the world economy. Previous respiratory virus outbreaks, such as severe acute respiratory syndrome…
dcefdee1-413a-4631-81a5-7d55d356d469|2020-06-06|0|The prospect that BCG – a vaccine used primarily against tuberculosis – might offer protection from COVID-19 has become an understandably popular hypothesis. This column finds that hope misplaced. The authors exploit a natural experiment, overlaying the large…
abd5cd5d-4d2f-441d-86a5-37ba88a17576|2020-06-06|0|The behavioural interventions to control the spread of COVID-19 present trade-offs between health and wealth. To be successful, an understanding of how the public currently values lives over economic loss is needed. A survey experiment in the US and UK finds …
726236cb-f92c-43e6-a9d7-5e3e04cbea73|2020-06-06|-0.847|Hospitals are already struggling to cope
84dd67c6-8d13-49ef-b1ba-7c1a6343223f|2020-06-06|0|Lifting of coronavirus restrictions speeds up with effective end date of July 20th
63cd2a2d-03d7-4488-8e31-cff1864384ed|2020-06-07|-0.534|Roanoke County is searching for at least three dozen more people to work polling places for the June 23 primary election after volunteers dropped out due to COVID-19 health concerns.
324e36ad-fe97-4552-a351-5d24e17411ac|2020-06-07|0.684|Matiu Walters spoke candidly in an interview about the business side of the band's career.
2fc86235-d796-4efb-b8fa-58379853e819|2020-06-07|0.589|In this instalment of our series, Dear Diary: In a Time of Covid-19, Madeline Ell tells us about leaving Canada during a pandemic, what quarantine looks like in Abu Dhabi and why COVID-19 is making her feel more Canadian than ever.
05b2c8ec-1634-4f3d-b8a9-e99d9811dac6|2020-06-07|0.239|Daniel O’Donnell, David Gray, Sex in Lockdown, Love in Isolation, Artemis Fowl
2edc8b98-ef70-4e90-a25b-dd9985383c4d|2020-06-07|0|Many governments are slowly unwinding their economies from nationwide lockdowns. However, re-opening the economy entails a serious trade-off between fostering economic output and keeping the spread of infection low. This column reports several re-opening scen…
edb10f85-587e-4223-8864-1e2c8be1c56e|2020-06-07|0|The effects of the Covid-19 lockdowns have been severe worldwide. Although most activities were reopened in May, Italian GDP is expected to drop by around 10% in 2020. This column argues that a targeted exit from the lockdown in Italy could have been implemen…
0427ab25-21c9-4aba-b889-ae23467d3e5e|2020-06-07|0|The Office of the Basic Education Commission (Obec) on Saturday promised students entering Mathayom 1 and Mathayom 4 levels will have seats at some schools for the new semester despite national examinations being delayed for more than two months because of th…
4cb2764a-480c-423f-bf18-059ce61358ec|2020-06-06|0|Compared to last year, when many tens of thousands came to the northern French beaches of Normandy to cheer the dwindling number of veterans and celebrate three-quarters of a century of liberation from Nazi oppression, the COVID-19 pandemic and subsequent res…
6ff2e9d2-96f9-4b1f-b89f-abb27b7a4508|2020-06-06|0.854|Temyia​ Taiaroa​ is proud to be a third generation jockey.
0954f875-8bf0-48ae-b98b-3500de7a3bbe|2020-06-06|0.949|(TrendHunter.com) The June 2020 world trends explore a new way of living and adapting to the new normal to live through the threat of COVID-19 and what is to follow after. Many brands are catering to an altered way...
a9139906-de5b-472e-97c8-5f79544a7db4|2020-06-06|-0.41|265 new COVID-19 cases, 8 new deaths reported Saturday in Mississippi  WLOX
a99b71db-ce38-4e18-97fc-c17e47edbcee|2020-06-06|0.172|Kate Langbroek's son Artie was rushed to hospital in Italy on Saturday.
30c83f5b-db99-4de6-9f12-581bd619592b|2020-06-06|0||California Governor Gavin Newsom announced a plan last Friday for the reopening of film and television production in the state.
As part of a larger announcement about the current phase of California's reopening plans, the state Department of Public Health re…|
945e597d-ece7-4546-bcfb-072ef0a12d12|2020-06-06|0|Canada now has more than 95,000 coronavirus cases — more than 34K are activeglobalnews.ca
50a3643f-ecd4-403e-985a-5eb95851fad6|2020-06-06|0|Canada now has more than 95,000 coronavirus cases — more than 34K are active  MSN CanadaView Full coverage on Google News
43ab1aee-39e6-4565-b426-1c39dc78002a|2020-06-06|-0.447|Thousands of people pack Victoria Park for Black Lives Matter rally  CTV News LondonView Full coverage on Google News
dfd28214-4b5b-4279-8532-2612fade5e1b|2020-06-08|-0.636|The unrest in America has cheered its foes and globalised the struggle against racism
6925bc2c-d2cf-4b7c-becd-e7425b85d154|2020-06-08|0.192|Posted by OFX AUD - Australian Dollar The Australian Dollar opens 0.36% higher from Friday’s open, opening this morning at 0.6968 after touching fresh June highs of 0.7012 despite a stronger than expected unemployment report out of the US. Friday started in r…
53067b2f-dc7e-4fe5-a04a-db2da6648f5e|2020-06-08|-0.803|That immigrants have been singled out as disease-carriers is not surprising given the long, ugly history of epidemics being associated with migration.
29392141-5f3a-4377-9527-dfea5d339a7e|2020-06-08|0|Targeting policy responses to Covid- 19 appropriately is important but requires information such as which groups in society are most affected by the pandemic. This column uses data on Covid-19 infections and mortality for small local areas in England and Wale…
c9983934-7270-4113-957c-50950a1777fe|2020-06-08|0|Contract-tracing and risk-tracing technologies could help ease the ‘health–wealth trade-off’ confronting many countries in the wake of COVID-19. But privacy and security concerns are preventing such technologies from being widely adopted. This column suggests…
570125ef-33d9-46d5-bed6-41e9f28f99f2|2020-06-08|0.74|The D3.js visualization library can be used for creating beautiful graphs and visualizations using data from external sources including CSV files and JSON data. https://www.youtube.com/watch?v=se7o9jvxbEE To give you an example, this D3.js animation…
4a4c271f-920e-4df0-b05c-52bb739b8753|2020-06-08|0|The German administration has just released their €130 billion economic stimulus package, the most prominent measure of which is an unconventional fiscal policy in the form a sudden drop in VAT. The aim is to create a future path of increasing sales taxes by …
c37b6850-e2f5-4c66-849e-3d7886132fea|2020-06-08|0.455|Face coverings may have the order of the day at Foxboro High School’s 145th commencement exercises on Sunday — at least for everyone but graduates and their immediate families.
bf398090-942f-4a56-bd98-ca774e341f7a|2020-06-08|0|The easing of restrictions brought in to contain the spread of Covid-19 has been accelerated with what has been termed "Phase 2+" beginning today, here's what you need to know about the changes.
f7fcc065-44d9-4f09-bb69-bb135b5038f7|2020-06-08|0.886|This post really is off-topic. It seemed that 2020 started to get a good year. Live was kind of normal and I was looking forward to the upcoming events. But life wouldn't be life, if there where no changes and challenges.
2742dc7b-5870-4f56-9f8f-a5bb7b7683cd|2020-06-09|0.39|Concerns are growing that the COVID-19 crisis could be exploited by populists claiming to be the voice of those who have been ‘left behind’. This column presents a new framework which could help shed light on the relationship between sustainable development a…
1b34e3ab-c48d-4507-8c39-7908f5982291|2020-06-09|0.154|IBM will no longer sell “general purpose” facial-recognition technology, Black scientists call out racism in the wake of police killings and the latest must-read papers and preprints on COVID-19.
d277a343-f69c-4a11-b0e3-790160c38f5b|2020-06-09|-0.555||Ireland is facing a “tsunami” of mental health problems due to the coronavirus pandemic, with early indications showing an increase in suicide and self-harm, health experts warn. 
Data collection on suicides by Irish hospitals were suspended as a result of th…|
6fe06502-774c-40e4-919d-bc4ba93735e0|2020-06-09|0.718|Real estate agents adapting as they feel the impact of Covid-19.
5358d55e-7ecb-4b3b-a2f5-0228ba1c2378|2020-06-09|0.241|Posted by OFX AUD - Australian Dollar The Australian Dollar extended its recent upturn, consolidating a break above 0.70 US cents on Monday. Equity markets and a sustained risk on move dragged the currency higher, while broad based US dollar weakness helped m…
a7159890-65f2-4da4-adaa-7a273b6b6545|2020-06-09|-0.555|Health experts warn of increase in suicide and self-harm due to coronavirus
f6f52c55-f645-41b6-860d-ea6b89995420|2020-06-09|0.351|Genomic search for COVID-19 severity clues
fa9a41ac-4530-4799-8ad1-fe83c438f56c|2020-06-09|-0.36|Nature commits to working to end anti-Black practices in research.
d4ac48e7-5a99-4eee-9b36-ff54d03cb2ff|2020-06-09|0|In times of crisis, humans have a tendency to turn to religion for comfort and explanation. The COVID-19 pandemic is no exception. Using daily data on Google searches for 95 countries, this column demonstrates that the COVID-19 crisis has increased Google sea…
42b498ff-ab07-463d-a3fd-6e23e132f37a|2020-06-10|0|Chip Ganassi Racing dominated the first race of IndyCar's new aeroscreen era at Texas in a race held in front of empty grandstands, with Scott Dixon taking a controlled victory. Here's how the main subplots unfolded
ce6273b7-7bfe-4295-80ba-515eeba9de16|2020-06-10|-0.541|Canada has thousands of qualified doctors and nurses who could help our strained health system now and in the future – but they’re stuck on the sidelines.
52dd5b5a-a54c-4dbd-aa00-ce34bfb77c22|2020-06-10|-0.425|Because prison visits and social mingling have been curtailed recently as part of Covid-19 precautions, the New York City Department of Corrections have decided to buy 5500 handheld gaming machines at a cost of $US15 ($22) each to try and give inmates at the …
17e64c60-c674-4a6f-895a-77b218cde118|2020-06-10|-0.501|Because prison visits and social mingling have been curtailed recently as part of Covid-19 precautions, the New York City Department of Corrections have decided to buy 5500 handheld gaming machines at a cost of $15 each to try and give inmates at the city’s p…
f6a52550-2243-4ea5-960b-557c66d450f1|2020-06-10|-0.549|A quarter of all rural US hospitals, most of which are highly essential to their communities, are at high risk of closing. Closures of rural hospitals may increase transportation time and delay treatment. This column examines hospital closures in California f…
5e1d554c-bc4e-4264-b11e-6b2f9e19e84f|2020-06-10|0|Reducing social contacts can slow the spread of COVID-19. This column examines mobility patterns across US counties between mid-February and mid-May 2020. It finds that reductions in mobility differed across counties, and that community-level social capital c…
78ef42c4-1b65-4448-92b3-9ba157bc9187|2020-06-10|0.657|Stags player Scott Eade is shining a spotlight on Southland rugby as the skipper of a new podcast which has quickly attracted a strong fan following.
74bc60f9-8646-4f1d-be2a-ef622de45d07|2020-06-11|-0.293|Oil prices have seen an unprecedented rebound in the past two months, but the market isn’t in the clear just yet
a7394859-eeb3-4516-ad50-d359c4af1eb6|2020-06-11|-0.179|The nationwide protests against police brutality and systemic racism have caused many long-standing American institutions to look inward and figure out how they can do the bare minimum to support the cause. The Marines have ordered the removal of Confederate …
9a3c2b32-a422-4a13-aa6b-c5309a474890|2020-06-11|0.637|Research Lives: Shubhangi Kakkar, successful PhD candidate, SFI Research Centre for Pharmaceuticals, Bernal Institute, University of Limerick
23401fa3-46e7-4a04-bff2-b57709e8e070|2020-06-11|0.185|Once Hertz declared bankruptcy, the rental car company pushed a ton of their inventory onto the used car market. While some industry experts predicted this would cause a blow to used car values, prices have started to stabilize a little, but according to iSee…
deb8f48e-f6cd-4b1c-9eac-80ef389871ea|2020-06-11|-0.809|Few will mourn Pierre Nkurunziza, whose regime murdered and tortured opponents
46939e06-6202-4130-830f-aa16cff18516|2020-06-11|-0.202|Public debt has risen to unprecedented peacetime levels, due to policies put into place to address the economic fallout from COVID-19. Nevertheless, as this column reveals, the Centre for Macroeconomics panel was nearly unanimous that the Treasury should not …
a4c9941d-0d21-4520-8398-d11bb2c65ea8|2020-06-11|-0.804|Dublin must make an effort to work with the Northern executive as lockdown eases
5e76b2a0-1244-4c90-9105-29c61976605f|2020-06-11|0.377|Posted by OFX AUD - Australian Dollar The Australian dollar was the greatest beneficiary of renewed risk appetite overnight, as US equity markets were buoyed by the FOMC’s dovish monetary policy statement. The AUD has round-tripped from 0.6980 to touch 11-mon…
e76a69e2-658e-4dfe-99b1-6acebcfbc97f|2020-06-12|0|Lockdown policies have been found to be effective in promoting social distancing and slowing down the spread of COVID-19. Yet, such measures are often blamed for downturns in the economy. This column argues that the lockdowns in the US are in fact efficient i…
4482944a-a15d-490a-914a-78964e4f0d6d|2020-06-12|0.345|John Tregoning ponders a staged reopening of his lab on campus.
90dee87d-4f4a-444e-b5c3-8219e661e6fc|2020-06-12|-0.277|The grudging tone emanating from those involved in the talks on government formation and the glacial pace of progress do not auger well for the future of the three-party coalition struggling to be born. The decision of Green Party deputy leader Catherine Mart…
0feae180-6fb2-4339-81c1-5c72d9d04467|2020-06-13|-0.246|On Friday, during Pride Month, the Trump administration finalized a rule that overturns Obama-era protections for transgender people against sex discrimination in health care.
ace2bab8-ddc2-4e7e-b5c2-3e4f46330aa6|2020-06-13|-0.769|Principals and deputy principals all around the country are wondering how on earth they are going to re-open their schools at the end of August. While everyone is anxious to facilitate a return to face-to face teaching, the logistics are challenging. Meanwhil…
05109eac-b99e-48ff-95bf-8f93db089487|2020-06-13|0.307||Are camera filters obsolete in the age of digital photography? Can't we just Photoshop images? Not so fast! We take a look at four filters you still need in your camera bag.
Subscribe to our YouTube channel to get new episodes of DPReview TV every week.
<ul>
…|
40cd21fc-d86c-4100-932b-0a89a1067288|2020-06-13|0.604|A Billings business has made a national name for itself after Food & Wine magazine placed the boutique French bakery Le Fournil on the list of the 100 best bakeries in the nation.
c0d81aaf-b447-4245-8c35-a5fa75343532|2020-06-13|0.292|The correlation between monetary growth and inflation has an historic pedigree as long as your arm. This column argues that rejecting the likelihood of (eventually) rising velocity following the current massive monetary expansion requires an alternative theor…
d5ec7b0c-12a8-4ce2-9a05-7c08896ebb43|2020-06-13|0.604|A Billings business has made a national name of itself after MSN.com placed the boutique French bakery Le Fournil on the list of the 100 best bakeries in the nation.
7846fe1b-b28d-4f4d-81b0-c81edb0b446b|2020-06-13|0.196||In “How Bill Gates Monopolized Global Health,” I featured Parts 1 and 2 of investigative journalist James Corbett’s report on this unelected global health czar. 
Part 1 reviewed how Gates ended up in a position to monopolize global health, despite his lack of…|
abd47c61-d4e3-46d1-a752-e789cdac2a0a|2020-06-13|-0.755|"You have given me your final gift," says widow of doctor who first sounded coronavirus alarm.
c1531c40-f452-48fb-89e3-7ceb08cadc1d|2020-06-13|-0.756||JK Rowling had been tweeting warm, gushing messages to children who submitted drawings for her new book –“Eight? How can this have been done by an eight-year-old?!” – when, abruptly, her Twitter feed took a sharp swerve sideways. 
She shared an article about …|
f6d5eadb-c21d-46f9-b337-ea41bbf86dc7|2020-06-13|-0.527|St. Louis Aldermen also passed a Port Authority expansion, and Jeffrey Boyd held up the parking budget in the latest swipe at Treasurer Tishaura Jones.
795bf5ba-5ed1-4cb6-a7a3-4cdc6ce8c03c|2020-06-12|0.359|Five Pike and Scott county food pantries received a one gallon bottle of hand sanitizer.
ad217517-5318-4626-a65a-83d735f1bc1f|2020-06-12|-0.171|RICHARD EDEN: A campaign for a new Royal Yacht has growing support from politicians and captains of industry. There is, however, one crucial flaw: I hear that it does not have the Queen's backing.
0c31f956-514c-4981-a31c-a01d2196673a|2020-06-12|-0.165|The top U.S. infectious disease official, Dr. Anthony Fauci, on Friday cautioned that the "blips" of rising coronavirus hospitalizations being reported by some states could get out of control if robust contact tracing regimes are not put in place.
3d092cef-e512-48f8-897b-51a72120fb99|2020-06-12|0|What started as a flurry of statements from coaches two weeks ago in the wake of Floyd’s death has been followed up by much more significant actions by athletes around college sports. The paradigm shifts are just beginning.
c58ffac5-3fc8-43b6-bf38-40701cd50a57|2020-06-12|-0.491||<ol><li>Bill 21 protest planned for Sunday outside Legault's Montreal office  Montreal Gazette
</li><li>Legault fails to secure agreement on COVID-19 bill critic labels 'authoritarian'  CTV News Montreal
</li><li>It's easy to play Monday morning quarterback…|
454a4ded-19d8-42c8-a13d-6155a6304fff|2020-06-14|0.519|A 136-page document released Wednesday by the Virginia Department of Education provides a glimpse of the challenges school districts need to address to provide an adequate education in the 2020–21 school year. While the state has provided a framework, it’s…
eaad758d-2090-4789-ba0b-41f1b71e176e|2020-06-14|0.435|Making a Museum, Hawks & Doves, Salisbury Poisonings, The Sinner, New Nurses
d7925ae3-88ca-4d0b-aa59-ba18cb111f8e|2020-06-14|0.486|New to Me Consignment Boutique in Grandin Village is under new ownership.
ff55c074-7aea-43d6-9a26-0cb5ac55f059|2020-06-14|0.546|The long-awaited Mast General Store will open its doors Wednesday.
fa17d2da-3f52-40d4-a1bf-42f1c545d7e0|2020-06-14|-0.305|The jury is still out on the benefits of justice by Zoom
be971fa3-cdb4-43ae-b900-720f1eedd409|2020-06-14|0|What will be the political legacy of the COVID-19 pandemic? This column uses data from the 2006-2018 Gallup World Polls to show that epidemic exposure during an individual’s ‘impressionable years’ of 18 to 25 has a persistent negative effect on trust in polit…
6b228eb1-11cf-446c-9615-f3320616c7c8|2020-06-14|0.565|EGLIN AIR FORCE BASE, Fla. (AFNS) — Those common, vibrating “thwip” helicopter sounds arrived well before they showed up, as 413th Flight Test Squadron personnel turned to look to the north at Eglin Air Force Base, May 19. Seconds later, two helicopters appea…
2081da08-3d10-4341-9403-74674732edad|2020-06-14|-0.266|The COVID-19 pandemic has raised concerns about the future of work. The pandemic may become recurrent and necessitate repeated adoptions of social distancing measures, creating substantial uncertainty about worker productivity. This column presents a theoreti…
ae5cd01e-b081-4693-9008-83ccb53ec13b|2020-06-14|0.697||Dear digiKam fans and users,
Just few words to inform the community that 7.0.0 release candidate is out and ready to test two month later the third beta release published in April.
After a Covid-19 containement stage at home, this new version come with more t…|
d70026aa-c131-4d64-93ae-b04209eaf50b|2020-06-14|0.309|Eight hundred and ten students graduated from the Oregon Institute of Technology on Saturday through a virtual ceremony with pre-recorded messages from university President Dr. Nagi Naganathan, U.S. Senator Jeff
75424b72-57fa-47df-9b59-6ce230040b87|2020-06-14|0.833|This project is made for educational purposes. You learn how to add styles, design UI, use material design, and much more.
14ac9e97-4c96-439d-93ce-13bc73dc8f32|2020-06-14|0.345|The ongoing COVID-19 pandemic has led to a massive increase in the demand for essential medical equipment. This column discusses recent findings on the role of international trade of essential medical goods in exacerbating or mitigating the impact of a pandem…
cb21e04f-7ca6-41ba-a743-9eb17ddf95fb|2020-06-14|0|Business Editor's Notebook: Don't call it a comeback, whatever it is  The Union Leader
bb7553aa-7cc4-4016-a7ec-11a003e31f65|2020-06-13|-0.386|TOM BOWER: It pains me to say this but Boris Johnson, exhausted and looking increasingly forlorn, appears to have a few short weeks to salvage his reputation from ridicule.
a763a25d-7526-49cc-85c8-0b447f52a074|2020-06-13|-0.66|World number one Novak Djokovic lost one of his two opening singles matches on Saturday at the charity tournament he organized, and his day got worse when news broke that one of the event's four legs has been scrapped due to coronavirus concerns.
8d8ba553-7a23-40c4-8829-eb86540fa15f|2020-06-15|0.328|In this article i show you how to track live status of Covid-19 country wise as well as worldwide.
b8cbacf6-dbf1-4d75-a6f1-a64cec08f4ca|2020-06-15|0.186|The worst is over. Hopefully, we will never again see such a terrible death toll from an infectious disease in Ireland. The response of the public, North and South, has been fantastic. When it comes to safeguarding health, the public has always proven to be m…
0c250f04-9dd9-48d1-a6e4-0516d89ceff3|2020-06-15|0|Parents, children and teachers are reporting mixed experiences with how the return to in-class learning has gone so far. One thing most can agree on is that it's been a teachable moment for everyone, with hints of what may come this fall.
f7e55eb0-7f87-4ed4-b070-4997e3dcc87e|2020-06-15|-0.175|How will sponsored refugees face the challenges of COVID-19 in the face of physical distancing and re-bordering that the pandemic brings with it?
cb1c41fa-c319-4d41-8031-e375f3d68297|2020-06-15|0|UPPER TOWNSHIP — The historic Tuckahoe Inn overlooking Great Egg Harbor Bay is in a better position for outside dining than many other shore restaurants, with multiple tables overlooking the
6f5b64ea-a33d-46a6-8fd5-4b1be474ad78|2020-06-15|0.961|If there is one voice that has permeated lockdown, it’s Joe Duffy’s. Liveline is of course an Irish institution, but like many things it has taken on an elevated meaning during the pandemic. Its hearth-like ability to form a space where people can gather arou…
8483726c-ddd8-4adf-8c4e-f358636152b2|2020-06-15|-0.183|The COVID-19 pandemic has resulted in school closures and distancing requirements that have disrupted both work and family life for many. Concerns exist that these disruptions caused by the pandemic may not have influenced men and women researchers equally. M…
91a8f491-6e18-4fb4-b58a-6bbf7b5a94cf|2020-06-16|0.61|Counteracting innate immunity is essential for successful viral replication. Host cyclophilins (Cyps) have been implicated in viral evasion of host antiviral responses, although the mechanisms are still unclear. Here, we show that hepatitis C virus (HCV) co-o…
54cd8ce7-316d-4b08-a5d1-e0c4e0a2c680|2020-06-16|-0.262|He's overcome many setbacks to restart a racing career that once brought him close to Formula 1 world championship glory. Now Robert Kubica has been stuck at home during what should have been his busiest season ever - but, as he explains to STUART CODLING, he…
69c88181-52b9-4fa3-857b-2ba6241fbb73|2020-06-16|-0.596|The merchant seamen who keep the world warmed and fed are trapped in floating prisons
f439eefd-d081-4078-9162-f574cebbedb8|2020-06-16|0|But some couples are finding ways to say “I do”
b9e4fabe-07d8-4433-8e9e-e69ae860594e|2020-06-16|-0.206|The magnitude of the COVID-induced economic downturn is forcing central banks around the world to rethink the set of monetary policy tools available to them. Many central banks have long shied away from negative interest rates, concerned about the impact on b…
22cc5dc7-a3f8-4c5c-957d-8badbb8e4865|2020-06-16|0|As policy attention in countries around Europe shifts to mitigating the longer-run impacts of the COVID-19 pandemic, a central concern will be to prevent this one-off event from permanently blighting the life chances of the millions of children who missed wee…
bc0730f1-3e5f-42b1-8d0c-bd7893101969|2020-06-16|0|The Orem City Council will vote Tuesday on the 2020-21 fiscal year budget. Since the first drafts of the budget, few things have changed.
5c01e84b-a42a-4dd2-b294-2ff373d61d13|2020-06-16|-0.318|Posted by OFX AUD - Australian Dollar The Australian dollar rallied overnight having slipped back below 0.68 US cents throughout the domestic session. Risk assets suffered early as investors grappled with reports out of the US and Beijing citing new coronavir…
b5a6da47-27d2-4767-aacf-bb2d67fa93f7|2020-06-16|-0.231|Enforced social distancing and lockdown measures to contain COVID-19 restrict economic activity, especially among workers in non-essential jobs who cannot ‘telework’. These have implications for inequality and poverty. This column analyses the capacity of ind…
f86d7cc1-e7d3-4a3b-a79b-f90e30906ed2|2020-06-17|0|Recent academic discussions have sought to understand whether the economic impact of the COVID-19 crisis and associated lockdown should be ascribed to demand or supply shocks. This debate is of some importance since the underlying shock can have significant i…
2ca8613f-1153-4f67-b86d-b3d9417a554a|2020-06-17|0.646|Houston's Fourth of July event sees changes and other area business and community news  Community Impact Newspaper
cf30ef56-67c2-460b-8bd4-db6cfdf4c498|2020-06-17|0||This started as a column about weight loss through the Noom App and how it relates to writing, but I kept thinking about the cops killing innocent people...
Column by Christoph Paul

Original images via Andrea Piacquadio & Rosemary Ketchum



I pitched this b…|
babc5ed0-06c1-407f-937a-22df85142556|2020-06-17|0|On 15 April 2020, WHO received information regarding a confirmed case of yellow fever in Magandi village, Tchibanga city in Nyanga Province of southern Gabon, 590 km from the capital, Libreville. The case is an 83-year-old male with no known vaccination histo…
966475ab-ddfa-4895-83a5-4ab335fdc870|2020-06-17|0|Dexamethasone “will clearly have a massive global impact”. Plus, the super-eruption that once rocked Yellowstone.
e7071329-5bc4-4dbf-840e-45b1b631b442|2020-06-17|0|Cameroon-born Ireland prop says Irish society needs to be more willing to learn about others
96992701-d85c-4299-a285-9f73d2d49bdd|2020-06-17|-0.517|The update to Australia’s Employment report may influence AUD/USD as the economy is expected to shed 125K job in May.
140f1530-a201-460c-ae8c-85e64bcff3d3|2020-06-17|-0.281|Andrew Robinson reviews five of the week’s best science picks.
e1c8c1c1-29c0-4869-a104-c0ab6f0aab0e|2020-06-18|0.479||rOpenSci HQ
The rOpenSci team, together with ten expert community members, put together a post: When Field or Lab Work is not an Option - Leveraging Open Data Resources for Remote Research. We highlighted examples of how specific collections of packages are b…|
4d9d8aed-f991-4903-9207-1f9a0886ea1c|2020-06-18|0.322|The aim of this study is to assess the prevalence of abnormal urine analysis and kidney dysfunction in COVID-19 patients and to determine the association of acute kidney injury (AKI) with the severity and prognosis of COVID-19 patients. The electronic databas…
136ddf5c-6d41-4fac-9b96-8cd9719918b2|2020-06-18|0.294||Posted by MrLukeCarthyCOVID-19 has switched up life as we know it, and it’s unlikely to stop doing so for some time.
E-commerce shopping is a perfect example of how things have changed, and in a number of ways.
If you feel like Shopify has been dropping huge,…|
6715547d-a02a-4ae2-8f2b-6a2ad1e0fec1|2020-06-18|-0.325|Richard Horton skewers leaders in two of the richest, most powerful and scientifically advanced countries for getting it so wrong.
d16c42d9-22a6-406d-92f4-9d79fe495f74|2020-06-18|0|Some governments assert that global value chains create economic vulnerabilities in times of a pandemic. This column, taken from a recent Vox eBook, examines recent experiences and the risk-management literature. It concludes that it is a mistake to equate se…
28f5558d-4ef6-4363-9e43-022765c3810f|2020-06-18|0|The Swedish policy response to Covid-19 is exceptional by international comparison. This column explains how the approach is decided by three articles in the Swedish constitution. The first guarantees the freedom of movement for Swedish citizens, ruling out n…
ed38042f-156d-46df-b647-23a93ec4c386|2020-06-18|0|How an already difficult situation for refugees in terms of integration and health can become an explosive humanitarian tragedy.
23039029-07bd-4e4e-bbf4-9a9178c1a59c|2020-06-18|0.916|EU Sustainable Energy Week
e3b1d2ce-5344-4ffe-a0ef-e4a397997393|2020-06-18|0.783|SSE Enterprise Telecoms, one of the UK’s leading connectivity providers, today announces its role in working with long term partner NYnet to support infrastructure development of an NHS Extended Access Hub in North Shields, Tyne and Wear in the North East of …
5a7b7fd7-3917-4ec4-ad01-0c2349a105ec|2020-06-18|-0.532|It has played a bad hand badly
8d968db9-c8d8-4648-a907-d7ce8bb75357|2020-06-18|-0.22|The Covid-19 pandemic has induced a deep global economic crisis. While so far banks have shown their resilience, partly thanks to major reforms after the crisis of 2007-2009, the crisis will put them under stress. Moreover, the traditional banking model was a…
0b5be07e-6443-4d08-b261-dbdb99228116|2020-06-19|-0.562|Posted by OFX AUD - Australian Dollar The Australian dollar drifted lower through trade on Thursday following a larger than anticipated up tick in unemployment and a consolidated shift in risk demand. The Australian dollar fell to 0.6843 after labour market d…
d9f94338-6f27-4dd8-9814-a8260fa5b30f|2020-06-19|0.713|EA showed off a much longer look at Star Wars: Squadrons during its EA Play presentation, including our first look at gameplay. The dogfighting game looks to be a modernization of the classic X-Wing and TIE Fighter series. In an interview with GameSpot as par…
6387d74e-58ff-4cb6-ae14-ac8a64ae2026|2020-06-19|-0.166|Winning a mandate from their members to go into government is just the first hurdle facing the leaders of the three potential coalition parties. They will each have to raise their game by a considerable measure to have any chance of surviving the inevitable s…
eacaa3ff-6c09-46e0-ba9e-a2bd1e2f2c13|2020-06-19|-0.172|During the COVID-19 pandemic and the related economic fallout, the response of the stock markets has raised concerns as well as questions. This column explores the surprising trends. There is some evidence that shareholders have favoured the less vulnerable f…
d0aed293-b0fd-4fea-8032-4c6106f799d7|2020-06-19|0.295|Chick-fil-A closes after employees test positive and more: Business, community news from Houston area  Community Impact Newspaper
756feae4-0793-416c-9263-90f7220a0f3a|2020-06-19|-0.244|They have an idea for a new experiment now, says Jeremy Grabbe.
6aeac8a5-6bb5-48c7-84eb-a8ce0bec94d7|2020-06-19|0.547|Speech by Commissioner Simson at the Global Hydrogen Forum 2020 - 2019-2024
70546fd5-91ab-454e-8daa-439626bcf99f|2020-06-19|0.938|What makes grief, loss, and change so challenging is the difficulty we have experiencing and expressing unpleasant feelings. The COVID-19 pandemic, economic downtown, and related challenges have brought these feelings into the workplace. As an employee, it ca…
25e39018-8ccc-4cf4-963a-3937e024d595|2020-06-19|0|COVID-19 is an infection induced by the SARS-CoV-2 coronavirus, and severe forms can lead to acute respiratory distress syndrome (ARDS) requiring intensive care unit (ICU) management. Severe forms are associated with coagulation changes, mainly characterized …
030ef64d-e4a9-4e7b-885e-4b7cf0de7d5d|2020-06-19|0.292|Different countries and cities have different rates of Covid exposure, but what can explain the difference in incidence between neighbourhoods? New York residents Milena Almagro and Angelo Orane-Hutchinson tell Tim Phillips what made the difference in their c…
4c166bad-b929-4e4b-bcc5-2917140c9f98|2020-06-19|-0.449|Not impressed with the lack of preparation ahead of the Lions' 2017 tour of NZ, Warren Gatland is asking the Premiership for help.
c51633a1-4648-4f99-9fa3-c82c52a031ad|2020-06-20|-0.168||Tony Holohan declaring that eating a packet of peanuts with your pint does not make it a meal was the moment we hit peak 2020; the most surreal interlude yet in a year where even the quieter days have run the gamut from inconceivable to untenable. 
Ever since…|
394d2354-6fa5-4a31-a6f2-8d6e4d3895b2|2020-06-20|-0.191|Despite the growing importance of services in output and trade, there has been relatively little information on how services policies have evolved over the past decades. This column presents evidence on services trade policies from a new database created by t…
e6feb662-ad07-46e2-bfe5-6146963d5184|2020-06-20|-0.587|The COVID-19 crisis is depressing growth globally, and lockdown measures are causing widespread job losses. This column illustrates that women are amongst the worst affected. Women are vulnerable not only because of their jobs, but also because of gender ineq…
f4bf7f72-26aa-41c2-9ee2-5f04614b69f0|2020-06-20|0|Interview: MP says her party must escape its mythology, be tough on China and unite voters
86ea4408-a7f0-408d-92cd-9f71f1390df4|2020-06-20|0.37|A handful of geishas now offer their traditional arts in the most modern of formats – Zoom calls.
cd0a9df0-70ed-454a-a74c-55878d312f46|2020-06-20|0|The grim impact of COVID-19 – extensive financial dislocations across asset classes and potentially large increases in morbidity and mortality – could pose a challenge to the insurance industry, particularly life insurers. This column urges central banks look…
72c85087-888a-4ca5-a658-80b0dc71c44a|2020-06-19|-0.496||英国经济学家杂志文章，“英国处处错错错”。
选民选错了政府。投票时，为什么只听忽悠，只看重约翰逊的娱乐能力，而不分析他的执政能力？
细节管理的能力比忽悠更加重要。
when choosing a person or party to vote for, do not
underestimate the importance of ordinary, decent competence.
摘要：
（1）疫情来了，政府不当回事，
（2）政府科学家的建议错了，
（3）医疗采供系統 Public Health Engla…|
fc81f0bf-03f0-4c58-a5d9-d876b1943fa4|2020-06-19|0|Amanda Kloots previously asked for prayers that her husband's blood pressure would get under control
0a753ad9-5a08-43eb-aad0-e0eb3bcafd58|2020-06-19|0|Five-time PGA Tour winner Nick Watney tested positive Friday for the coronavirus, the first player with a confirmed infection since golf resumed a full schedule last week. Watney immediately withdrew from the RBC Heritage and must self-isolate for at least 10…
91aaafeb-8ba0-44b5-bdbb-93295fcb6729|2020-06-19|-0.453|As cases in the state of California hit a new record, Los Angles County's numbers fell on Thursday from county's own recent record highs. On Friday the county announced it had recorded 1,414 new cases for Thursday. That was down from a record 2,126 new cases …
68bcad1b-5e92-43dc-bca4-8bfa13a61594|2020-06-19|-0.485|As cases in the state of California hit a new record, Los Angles County’s numbers fell on Thursday from county’s own recent record highs. On Friday the county announced it had recorded 1,414 new cases for Thursday. That was down from a record 2,126 new cases …
3b4538b1-0d13-4aca-9084-464e70f863bc|2020-06-19|0|Soccer has taken Manheim Township alum Jaclyn Poucel from Neffsville to a college career at the University of Pittsburgh to a pro career in Finland, Iceland and Scotland.
8c71bbd4-3652-4c5e-be3f-a63ce7de7f94|2020-06-19|0|Soccer has taken Manheim Township alum Jaclyn Poucel Árnason from Neffsville to a college career at the University of Pittsburgh to a pro career in Finland, Iceland and Scotland.
438d1641-9279-412f-8616-ddcbf9f97243|2020-06-19|-0.31|The districts of Kalaburagi and Udupi have reported more than 1,000 Covid-19 cases each, but seen 11 and 2 deaths, respectively,
dbf785fc-6c02-49a5-9759-0a5474867766|2020-06-19|0|Troubling spikes in coronavirus infection rates were reported on Friday in several U.S. states, mainly in the South and West, a day before President Donald Trump was due to preside over an Oklahoma campaign rally that will be America's largest indoor gatherin…
56d4ef3a-bfc6-458e-a26a-49a3edf37d2e|2020-06-21|0.372|Businesses responding to the third statewide COVID-19 Wisconsin Business Impact survey continue to demonstrate their resilience with 41 percent of respondents introducing or expanding online services over the last three
3ea72a51-2d78-4fd4-97ab-6847f119c4f9|2020-06-21|0.368|It was early September last year and Roy Keane was in Dublin with Gary Neville for a gig at the Bord Gáis Energy Theatre, talking about their Manchester United glory years.
34a389bf-62b3-4ef6-8eac-824996f5b152|2020-06-21|-0.392|This story will update throughout Saturday as the Tulsa World covers President Trump's rally in Tulsa. Watch Live: President Trump rally in TulsaWatch Now: Trump supporters and protesters meet outside the Trump rally in TulsaGallery: The scenes before Preside…
1f0c96af-efbf-415d-8cb1-24e3392be84b|2020-06-21|-0.152|Nearly two weeks after Tropical Storm Cristobal forced high waters to move into our state’s coastal areas from lower Terrebonne areas east to Plaquemines, St. Bernard and eastern Orleans parishes, it appears fishing has returned to near normal catches. Then,…
c243f4b5-d294-4c96-9476-995aed1d4b72|2020-06-21|0|The Global Weakness Index (GWI) is a real-time measure of how weak the global economy is. This column uses GWI to assess the repercussions of the coronavirus (COVID-19) crisis in real time. It finds that, after the release of certain soft indicators on 2 Marc…
2abddcfe-8b8a-4d87-9d3c-3add4f83483f|2020-06-21|0|The Labour Ministry has approved thousands of labourers to go to work in Taiwan, as the Covid-19 pandemic subsides.
2491a98c-cd86-4b9b-9ebd-60f628bb7790|2020-06-21|0.404|The effectiveness of female leaders in handling the COVID crisis has received a lot of media attention. This column examines whether the gender of the national leader truly makes a significant difference to the number of COVID-19 cases and deaths in the first…
505973c3-532f-4a65-b6b0-7ff4b30865c7|2020-06-21|-0.458|Business Editor's Notebook: It's hard to lobby legislators when you can't meet them at the State House  The Union Leader
a0eb5f5a-3842-4670-bb85-ebd2d8eb2117|2020-06-21|-0.178|Bit parts and big waits: Fathers have limited time with partners in lead-up to new arrivals
f1b74420-7930-4389-b36d-cce65cf4d09a|2020-06-21|0.689|RTÉ’s Comic Relief, Eve Hewson in The Luminaries and Will Ferrell’s Eurovision spoof
82f00e00-d3a3-4934-954b-d022d1e16dc0|2020-06-21|-0.734||You Can Now Buy This Bankrupt Cruise Ship At Auction 

 Tyler Durden
 
Sat, 06/20/2020 - 20:00

 Travel and tourism have been some of the hardest-hit sectors by COVID-19. The pandemic has been a massive blow to the cruise ship industry, with operators, shipow…|
b8520f4b-ad18-465e-81b5-f6df1004e44f|2020-06-20|0.618|Tiz the Law richly lived up to his favorite's billing, sweeping to victory in the Belmont Stakes on Saturday to launch a topsy-turvy Triple Crown year. Trained by 82-year-old Barclay Tagg and ridden by Manny Franco, Tiz the Law became the first New York-bred …
33ed4f5e-31f4-454e-a8ac-5c5650f348e4|2020-06-20|-0.337|A major Marvel scheduling clash at Sydney's Fox Studios could push the already-postponed Thor: Love and Thunder film release date even further back, according to Courier Mail.
1e22df2a-dbd1-47e7-a91e-08f6e90c673c|2020-06-20|0|LSU has begun asking a number of football players to self-quarantine in the past week because of instances in which some players tested positive for COVID-19 after social interactions outside of the Tigers’ training facility. “We haven’t seen anything even cl…
9d060705-0b5d-4f13-935d-b07a5c5cfcf5|2020-06-20|0.32|Webb Simpson practically had to apologize for a 3-under 68, in which he managed just one birdie on the back nine. He was part of a four-way tie for the lead, and that was good enough for him.
fa260074-edf6-4c29-b1f4-72899549035b|2020-06-20|-0.402|President Trump is making his return to the campaign trail on Saturday with one of his trademarks rallies in Tulsa, Okla., where thousands have streamed into the BOK Center -- amid protests outside and lingering controversy over the potential coronavirus risk.
0804ed40-acbf-4834-bc5a-5766480a197a|2020-06-22|0.68|An antibody that neutralizes SARS-CoV-2.
134a79f6-37bc-43bc-8654-5f5d989bc937|2020-06-22|0|Wind Tre’s CEO Jeffrey Hedberg says he expects the company to have launched 5G networks in around 10 regional capitals by the end of this year despite market disruption resulting from COVID…read more on TotalTele.com »
7620ee7d-9244-44e9-8fdd-2d13a4508c38|2020-06-22|0.192|At the beginning of the COVID-19 pandemic, it was hoped that warm weather and younger populations would shield many developing countries from the virus. This hope has not been in realised. Infected cases in Africa, South Asia and Latin America are still growi…
ead238c7-17a4-45ae-a1b4-7e29c7bde44b|2020-06-22|0|Long after the COVID-19 pandemic is over, we may continue to be affected by its residue of ultra-sophisticated technologies of bio-surveillance.
b3cd0d8d-8f2e-4a96-b486-a46d04d7ebd3|2020-06-22|0.632|Hancock Whitney helps provide billions in funds to local Gulf South businesses impacted by pandemic  The Advocate
7b4071d7-be5b-4d5e-a8af-52eac1ade972|2020-06-22|-0.226|Department minutes say HSE wrote to Government ahead of Cabinet decision to end deal
67974949-314b-4915-b899-848756420d3f|2020-06-22|0|Maura Byrne’s husband died of the virus while she was recovering in hospital
ad858d44-99b1-48a5-a752-b8e1ba3fa727|2020-06-22|-0.203|Confronted with a novel, aggressive coronavirus, Germany implemented measures to reduce its spread since March 2020. Requiring people to wear face masks in public places has, however, been a subject of controversy and isolating the effect of mask-wearing on t…
ef9482d0-ce55-4f26-86fa-f6922cdfcfa7|2020-06-22|-0.544||Posted by MiriamEllis﻿﻿
Image credit: Robert Couse-Baker
Before all else, gratitude to every delivery person, whether in-house or third party, doing the essential work of keeping households safer and supplied in these times. I’m dedicating today’s column to t…|
b6a61694-9b86-45dd-91fa-a895ab9288f7|2020-06-23|-0.304|One day after Wanheng Menayothin announced his retirement, promoter Piyarat Vachirarattanawong insisted on Monday the undefeated world champion has yet to hang up his gloves.
fbf3334e-f333-401b-88ae-07360614a7b7|2020-06-23|0.339|Apple’s Worldwide Developers Conference is completely online this year, but that doesn’t mean the company held back on its announcements. Since there was no live audience to interrupt the keynote with applause, hoots, and hollers, Apple covered a ton of groun…
ff92ea39-e704-44e6-8962-7afd208da77b|2020-06-23|0|The RBNZ interest rate decision may sway the near-term outlook for NZD/USD as the central bank stands ready “to deploy further tools as needed.”
4bdc6ce6-59b8-4961-b575-5b5713357a3d|2020-06-23|0.77|Letter to the Editor
a1c832cf-7758-4e06-93c4-d39d3df9c5df|2020-06-23|0.719|We review aspects of the antibody response to SARS-CoV-2, the causative agent of the COVID-19 pandemic. The topics we cover are relevant to immunotherapy with plasma from recovered patients, monoclonal antibodies against the viral S-protein, and soluble forms…
9465a36a-bbf8-401a-83a1-708b8b3fc2d3|2020-06-23|0.228|In a bid to speed up the roll-out of ultra-fast broadband across Italy, the Italian Prime Minister Giuseppe Conte said on Monday that the state might consider raising its stake in TIM…read more on TotalTele.com »
e2bbae31-5663-4e2b-8c3f-25d83c289428|2020-06-23|-0.188|SoftBank Group Corp revealed a series of transactions&nbsp;on Monday to divest more than $21 billion worth of stock in&nbsp;T-Mobile USA, as part of a $41…
ebf481ff-ce83-4f7e-989c-3835dc51dde4|2020-06-23|0.294|The COVID-19 shock has ended the eight-year long US housing market expansion. At the same time, the Federal Reserve and the US Government have deployed significant resources to help weather the ongoing crisis. But the trajectory of the post-COVID-19 recovery …
a5e169c7-5024-41c1-96ea-81f2064791ee|2020-06-23|0|COVID-19 and the related lockdowns have taken their toll on the EU corporate sector. This column uses an accounting approach and ORBIS firm-level data to assess the medium-term strategic choices for firms. Assuming three months of lockdown and under different…
be6f6cb5-561b-4ffa-8ffb-408cc588822a|2020-06-23|0.184|On 27 May, the ESRB General Board adopted a wide-ranging recommendation to suspend pay-outs across different segments of the European financial system until the end of 2020. This column discusses why arguments for such restrictions weigh stronger than ownersh…
97bfbec8-d7ba-4de7-97f2-4d2a210aa29e|2020-06-24|0.329|Today the European Commission’s independent Group of Chief Scientific Advisors (GCSA), the European Group on Ethics in Science and New Technologies (EGE) and Peter Piot, special advisor to the President of the European Commission, Ursula von der Leyen, publis…
8f39787d-3147-4ad4-b2da-89d447165f22|2020-06-24|0|A new parent group has organized to put pressure on school districts to embrace anti-racist curriculum and instruction. Its first action, which begins today, aims to inundate 10 school districts, from California to Connecticut, with emails demanding change.
5652427b-0641-46cd-b8b4-76c12387e7be|2020-06-24|0|Former Utah Gov. Mike Leavitt knows a thing or two about pandemics and public health emergencies.
f103bd37-0af5-49d0-ab1c-f1f96cdad312|2020-06-24|0.386|The global COVID-19 pandemic has led to job loss of catastrophic proportions in the United States. This column looks at recoveries from recessions over past 70 years to assess how the US labour market might recover from this job loss of unprecedented magnitud…
8a9c1733-ef8e-4279-9ed0-719b00033aee|2020-06-24|0.348|The Hang Seng Index stock market benchmark is set to challenge a key resistance level at 25,000. The Singapore’s Straits Times Index consolidates on election news. Gold climbs.
7b8d92ea-cd52-4003-99d6-9bff6c8259c3|2020-06-24|0||On this week’s show Patrick and Adam discuss the week’s security news, including:

<ul>
 <li>Australia “under attack” - a wrap</li>
 <li>Microsoft releases more security protections for E5 customers</li>
 <li>US to introduce “anti encryption” bill</li>
 <li>S…|
e7196634-4ff5-41ee-9443-b5d089379634|2020-06-24|0|Ukrainian labour keeps several European economies afloat. But after migrants returned home during the COVID-19 pandemic, Kyiv is now reluctant to let them depart again.
d785cf2c-9f79-4dc5-85de-111b8d501cae|2020-06-24|-0.155|Evidence from tissue studies and some people with COVID-19 shows that the virus damages insulin-producing cells.
8b0cb545-5676-4dfe-8d83-30af950c7d75|2020-06-24|0.497||Coronavirus, Netflix and Free Fire among top search terms during lockdown. Interest in free internet and access to health information also see significant increase [1].

London, June 24th, 2020 - Mobile operators in emerging markets such as Brazil and South A…|
6e3b1847-ca35-40c2-b41a-189b14dd5942|2020-06-25|0.658|Tracking where your product has come from is at the heart of a Wairarapa farmer's business.
2f97f86b-fa60-4ba6-887c-e6a67d42560a|2020-06-25|-0.452|Covid-19 finger-pointing over Novak Djokovic's tournament.
9048a7bf-0128-48f1-be00-66686aff11db|2020-06-25|0.506|Research Lives: Prof Lokesh Joshi, Stokes professor of glycoscience and research VP at NUI Galway
ca8691f7-e871-4ccb-b08c-f91f7363ad0b|2020-06-25|0|The Japanese government’s policy response to the COVID-19 pandemic was to ask people to refrain from leaving their homes and to encourage teleworking. This column examines the effect of COVID-19 on the uptake of teleworking in a country that has the lowest us…
5e4cbba3-f509-47b2-8bde-270bb41f0e90|2020-06-25|0|Over the last decade there has been a tremendous progress in automation. Many tasks previously seen as un-automatable can now be performed without human labour, and the number of industrial robots in use has increased sharply. This column describes the recent…
bfd58804-aaef-4e7a-a43b-aaf14a2a322f|2020-06-25|0.733|Formula One has unveiled a novel way to raise money for charity purposes as the sport will offer the squares of the race-ending chequered flag that fans will be able to purchase throughout the 2020 season.
d7940fa5-c239-455a-8164-8cd4435cc434|2020-06-25|0|Confederate statue to stay put and more: Business, community updates from Central Texas  Community Impact Newspaper
e2dc26f9-f886-467c-9aea-80eb792e6702|2020-06-25|0.41|We describe the anatomy of all the primary motor neurons in the fly proboscis and characterize their contributions to its diverse reaching movements. Pairing this behavior with the wealth of Drosophila’s genetic tools offers the possibility to study motor con…
1b6766d4-ca89-49c1-9126-58206451e273|2020-06-25|0|As schools prepare to welcome back students, reducing outside interruptions in the classroom could be a way to address learning loss, researchers say.
f128148f-862b-4470-91a6-3b1b5170827e|2020-06-25|-0.432|By accepting that projects will be affected by the coronavirus pandemic, students and supervisors can find a healthy way forward, say Paul Ashton and Linamaria Pintor-Escobar.
db3a72f4-169f-4d3e-aed1-178bb29a751d|2020-06-25|0.438|New diseases are inevitable. Ensuing global calamities are not
89d84e2a-699a-4df3-ad3e-5be31b1b72b2|2020-06-25|-0.507|The worst of that pandemic may be over, but its effects endure
290e2762-c427-4ee3-812d-cb955588ca3c|2020-06-25|-0.158|Posted by OFX AUD - Australian Dollar A slew of dour headlines prompted a shift in risk sentiment on Wednesday, driving equities lower and dragging commodity and growth led currencies downward. The Australian dollar slipped back below 0.69 US cents amid incre…
a8ceadf3-a9f8-430c-a0db-b2948b24c65a|2020-06-26|0|Posted by OFX AUD - Australian Dollar The Australian dollar crept marginally higher through choppy trade on Thursday as investor attentions remain squarely affixed to the largely unchecked spread of COVID-19 throughout the US, Latin America and South Africa. …
3c7c4844-a7de-45d5-a3cf-87040a81f077|2020-06-26|0.298|This is the start of a realignment in Irish politics; it is time for FG to get radical
59d4332e-a62d-4408-9942-763428d0d0fe|2020-06-26|-0.282|Sunday’s elections will be chastening after a disastrous campaign by president’s LREM
3ca92496-9b43-495f-b266-730d5fb59723|2020-06-26|0.267|Ahead of Saturday’s UFC on ESPN 12 welterweight co-main event, Mickey Gall talks to reporters about how he feels opponent Mike Perry has been developing, his excitement over having a high-profile slot on a card again, and more.
6da1a4c1-d1b4-4c9f-bd5e-d0b0718c8e0e|2020-06-26|0.264|The full broadcast schedule is set for Major League Soccer's attempt to return from a coronavirus-imposed hiatus. See when your team will be playing their three group games and whether you'll have to set an alarm for one of those dreaded early kickoffs.
92ca9850-a53a-4003-927d-67d87db0531a|2020-06-26|0|Some 2,000 Green Party members expected to take part in ballot on entering coalition
76a2f334-8800-4a60-b1d1-398ca1e48a6f|2020-06-26|-0.365|TEMPE – Arizonans will face a 14-day quarantine if they travel to New York, New Jersey or Connecticut, whose governors announced the restriction Wednesday to keep people from COVID-19 “hot spots” from bringing the infection with them.
79809346-7f66-4528-b1de-1c4d620a7a4b|2020-06-25|-0.581|Not only have I been reading about the household cleanouts many did during the pandemic break, but I’ve just seen the impact that had on one of our leading recycling agencies, Hospice Taranaki.
baae47bd-555e-4cf5-a297-e06de6824372|2020-06-25|0|Gov. Roy Cooper has extended Phase 2 business restrictions for at least three more weeks. While bars and fitness center owners may not like the decision, one Asheville business owner is actually happy to see the governor slowing things down. Asheville Brewing…
ffe5aa38-a958-48d2-80d4-3d46330ed653|2020-06-25|-0.577|Attorneys for Jay Y. Lee, de facto leader of Samsung Electronics Co., will square off against government prosecutors before a group of 15 academics
aa113d09-e85e-4ad8-9e36-f0a2e792fedd|2020-06-25|0.367||[Sponsored Article]UN chief Antonio Guterres said during the opening speech of the 43rd session of the Human Rights Council that “The Covid-19 pandemic has created the biggest crisis since the Second World War.” He pointed out that it’s not the first calami…|
593d6278-7725-4465-9a50-d8f21c7503fe|2020-06-25|0.832|Rogers is funding digital programs that focus on helping youth develop skills in technology, innovation and financial literacy. The carrier announced that its national Ted Rogers Community Grant partners have transitioned all youth programming online this sum…
8f367537-2f89-4860-8c43-23517bb3f35e|2020-06-25|-0.167|A Fox News host got more than she could handle when she had Greater New York Black Lives matter president Hank Newsome on her show. Martha McCallum, host of the Fox news show The Story had Newsome on as a guest on Wednesday. READ MORE: Black Lives Matter prot…
e6d9384a-4670-4938-b95e-90038fc87095|2020-06-25|0.348|Interpace Biosciences, Inc. (NASDAQ:IDXG) Q1 2020 Earnings Conference Call June 25, 2020 04:30 PM ET Company Participants Jack Stover - President and CEO Fred K
750b46d7-c2d0-4044-9ee9-5edaf601f8fb|2020-06-25|-0.345|JUNEAU, Alaska - A federal magistrate judge has dismissed a criminal contempt complaint against a man who prosecutors had accused of violating a judge...
10d381987-70bf-4603-b0c7-06ee44585ffd|2020-09-09|-0.16|Brazil's acting Health Minister Eduardo Pazuello said on Tuesday that a COVID-19 vaccine would be rolled out for all Brazilians in January 2021.
103f10ed1-efcb-46fd-ae08-ab9343711367|2020-09-09|0|Venezuelan President Nicolas Maduro on Tuesday proposed administering a Russian coronavirus vaccine to nearly 15,000 candidates in upcoming legislative elections so that they can campaign safely.
193fe4692-a5e3-4140-a1fd-f2d6a753a554|2020-09-09|0|Australia is not worried about AstraZeneca Plc's decision to put on hold its COVID-19 vaccine trial, its deputy chief medical officer said on Wednesday, as daily cases nudged higher in the country's coronavirus hot spot.
1c52aeff5-0f20-40bb-82db-884688720a43|2020-09-09|-0.406|Indian shares opened lower on Wednesday after a sell-off in U.S. technology stocks roiled Asian markets, while drug maker AstraZeneca's India unit fell up to 12.3% after the parent paused global trials of its experimental COVID-19 vaccine.
139f92912-9f66-406c-ae34-d013260ee58d|2020-09-09|-0.163|Japan's currency in circulation and bank deposits rose at a record annual pace in August as companies and households continued to pile up cash to guard against the coronavirus- driven income slump, central bank data showed on Wednesday.
157676beb-b8ef-4b05-a406-656a8e408b52|2020-09-09|-0.909|Oil futures fell further on Wednesday after big declines the previous session with Brent sliding below $40 a barrel for the first time since June as COVID-19 cases rebounded in several countries.
10d749d85-8cea-4835-b621-f128a59c392d|2020-09-09|-0.722|The number of new confirmed cases of COVID-19 in France rose by 6,544 over the last 24 hours to give a total of 335,524 cases, the health ministry said on Tuesday, as the country battles to avert a second wave of the virus.
1ed7008a1-9512-4613-afe1-761b7ed265ce|2020-09-09|-0.702|Jordanian authorities confirmed the first two cases of coronavirus in a refugee camp hosting Syrian refugees since the pandemic was first reported in the kingdom, the U.N refugee agency said on Tuesday.
132513d3f-0074-4d22-96d9-60dbdfa504dc|2020-09-09|-0.152|Several states in the U.S. Midwest and Northeast have seen new COVID-19 cases increase for two weeks in a row, though nationally both new infections and deaths last week remained on a downward trend, a Reuters analysis showed.
10d88dc69-d132-470b-9f97-584c1e88a718|2020-09-09|-0.529|Zimbabwe will resume domestic flights from Thursday and international flights next month in a boost to tourism, but travellers will be required to have COVID-19 clearance certificates, the government said.
1640d6231-fe18-4902-963e-43d030c9636b|2020-09-09|0|New York will require kindergarten through 12th grade schools to disclose the number of students and staff testing positive for COVID-19 and may force colleges with more than 100 cases to switch to remote learning, Governor Andrew Cuomo said on Tuesday.
1f1566a0c-9c22-4251-87b0-a2884e15304d|2020-09-09|-0.431|British firms hired temporary staff in August at the fastest pace since the end of 2018 as they tried to recover from the COVID-19 lockdown but remained wary of the pandemic and the Brexit impasse, a recruiters industry group said.
