1241546526381486087|2020-03-22|YEESSSIIIRRR future grandson hey grandpa want corona|neutral
1241546526469603328|2020-03-22|NicolleDWallace We cant get face masks Trump-corona story 5 words via NYTimes|neutral
1241546526180233216|2020-03-22|Cupom de desconto ifood coronavirusbrasil corona coronavirus quarentena BBB20 virus covid19 covid19on|neutral
1241546526645579776|2020-03-22|Stay Home .. Defeat Corona virus ... Help Help Hindustan ..|neutral
1241546526754816000|2020-03-22|BeanzyF McConaughey Corona confused sort conspiracy|negative
1241546527140536321|2020-03-22|YEESSSIIIRRR future grandson hey grandpa want corona|neutral
1241546527392313346|2020-03-22|If I get corona Im sueing amber|neutral
1241546527295897600|2020-03-22|no_silenced NM see nobody seeing point We seeing Shit tons people like famous actors singers athletes congress|positive
1241546528407289857|2020-03-22|Ouraaofficial Feeling love socials right Spread love hate appreciate n jazz x Ft. tune w/ jayjaymusika comi|positive
1241546528495288320|2020-03-22|SidanaSimran PrayersForCoronaFreeWorld ,Janta curfew astute step taken Indian Government ,Its direction gover|positive
1241546528768000011|2020-03-22|sineadxia So shortness breath corona symptom right know also gives shortness breath Anxiety And know|positive
1241546529166381056|2020-03-22|INTOYOUBUNS PopCrave TMZ It would make sense stadium corona reason Stadiums way bigger|positive
1241546529397264386|2020-03-22|Johnrashton47 Very important Clinical protocols corona treatment China Please share clinicians JA|positive
1241546529434935296|2020-03-22|DynastyClaire OurPresidentBernie spent days raising money corona relief groups Doing virtual town halls addresses|negative
1241546530127073283|2020-03-22|YEESSSIIIRRR future grandson hey grandpa want corona|neutral
1241546530802278403|2020-03-22|CoronavirusPandemic coronavirus Corona CoronavirusOutbreak We survive|neutral
1241546531532083207|2020-03-22|SenSanders 34,927.43 That medical bill uninsured patient got tested treated coronavirus This n|neutral
1241546531972366341|2020-03-22|geeta_dhiman7 PrayersForCoronaFreeWorld Prayers Corona free world The power prayer multiplied pray together Let|positive
1241546532337278976|2020-03-22|This corona big fat white nasty smelling fat b ruin senior year trifflin dirty ass|negative
1241546532270333952|2020-03-22|OMGItsKhairy_ Black people watching United States spend trillions bailouts Corona Virus After JUST said|negative
1241546532370796544|2020-03-22|aaiimmaannnnn Create demand supply|neutral
1241546533385822213|2020-03-22|JANATA CURFEW ca n't change DIRECTION OF WIND definitely ADJUST OUR SAILS JANATA CURFEW|neutral
1241546533759102977|2020-03-22|SenSanders 34,927.43 That medical bill uninsured patient got tested treated coronavirus This n|neutral
1241546533952278528|2020-03-22|SenSanders 34,927.43 That medical bill uninsured patient got tested treated coronavirus This n|neutral
1241546534115610624|2020-03-22|TalkDigitalNet The Goddard Report host jimgoddard3 CoronaVirus ToxicDrugs FakeNews How turn non-pandemic|neutral
1241546534367440896|2020-03-22|PoliticusSarah Trump create novel corona virus COVID-19 ineptitude narcissism mendacious propaga|neutral
1241546534480572417|2020-03-22|Mubashi89089235 Time sitback amp Obey gov every possible way fight together We ahmadis r completely stand|positive
1241546534946299906|2020-03-22|Reuters First coronavirus cases confirmed Palestinian Gaza Strip|positive
1241546535038382080|2020-03-22|sedonyia 20 times day|neutral
1241546535311204352|2020-03-22|DonnaWR8 This doesnt look good In Europe China actually promoted spread coronavirus ... China Global|positive
1241546535646547968|2020-03-22|narendramodi We With sir CORONA FIGHTERS|neutral
1241546535864872960|2020-03-22|FauzKhalid Kilifi deputy Governor Gideon Saburi tests positive Covid-19 receiving treatment Mbagathi Hospital|positive
1241546536200351744|2020-03-22|iatemuggles president Slovakia showing corona drip hand-tailored matching fabric surgical masks ..... impeccable https//|positive
1241546536640811009|2020-03-22|inclhmptn corona shit getting outta hand seen nigga rub hand sanitizer latex gloves|negative
1241546537169080320|2020-03-22|manojkjhadu Many Many Thanks ArvindKejriwal ji .. It much needed .. Hope state governments follow trajectory provi|positive
1241546538125492225|2020-03-22|geofflemon I almost everything right Worked home Saw one friend last 10 days Had beer hour outside pub ei|positive
1241546538540773382|2020-03-22|geofflemon I almost everything right Worked home Saw one friend last 10 days Had beer hour outside pub ei|positive
1241546538972676096|2020-03-22|YEESSSIIIRRR future grandson hey grandpa want corona|neutral
1241546539962523650|2020-03-22|YEESSSIIIRRR future grandson hey grandpa want corona|neutral
1241546539903811586|2020-03-22|yawningemoji corona definitely sag one took seriously shes dramatic wreaking havoc terrible|negative
1241546540973522947|2020-03-22|HMeemaw Public Service Announcement If anyone I know starts naming babies Corona I never speak That|neutral
1241546541309079555|2020-03-22|choo_ek My friend darakass busily caring patients NYC ... home ill COVID19 Sh|negative
1241546542672015361|2020-03-22|DKShivakumar I appeal central amp state govt announce 'Special Corona Financial Package keeping mind interests|positive
1241546542613434369|2020-03-22|itsjoshuamiles really wan na something like want sleep remove corona head|positive
1241546543066271745|2020-03-22|YEESSSIIIRRR future grandson hey grandpa want corona|neutral
1241546543078846464|2020-03-22|jasvinderinsan2 PrayersForCoronaFreeWorld Janta Curfew let us fullfill moral responsibility sporting janta Curfew|neutral
1241546543490117633|2020-03-22|SenSanders 34,927.43 That medical bill uninsured patient got tested treated coronavirus This n|neutral
1241546544232480773|2020-03-22|_Jourdann All day long lmaoooo|negative
1241546544974835713|2020-03-22|isaaciaga h- mom phd corona virus graduating whatsapp threads|neutral
1241546545385914368|2020-03-22|PatJCurran When Corona Virus finally exhausts danger let 's something good country Let 's spend|positive
1241546545289474050|2020-03-22|I love Hope well marcuslemonis You Staycation2020 ORD MIA|positive
1241546546006462464|2020-03-22|Laddo777MSG PrayersForCoronaFreeWorld Corona virus spreading fastly direct contact infected people 's|positive
1241546545998290944|2020-03-22|KyarraIman_ No offense corona virus disappearing April actually sucks|negative
1241546546488823809|2020-03-22|Arunakrishnan There seems meets eye amp media revealing Sharing revealed Shil|positive
1241546547038322688|2020-03-22|YEESSSIIIRRR future grandson hey grandpa want corona|neutral
1241546547399143424|2020-03-22|HenryYorke4 corona corona staying away people always good idea|positive
1241546547571109889|2020-03-22|Im HOWLING INCREDIBLE|positive
1241546548221100032|2020-03-22|sineadxia So shortness breath corona symptom right know also gives shortness breath Anxiety And know|positive
1241546549886214144|2020-03-22|ReturnOfPRNE If primaries delayed long enough Comrade Corona goes fast enough Bernie still win NeverBiden Berni|positive
1241546549697613824|2020-03-22|corona time|neutral
1241546550045802503|2020-03-22|YEESSSIIIRRR future grandson hey grandpa want corona|neutral
1241546549999677441|2020-03-22|YEESSSIIIRRR future grandson hey grandpa want corona|neutral
1241546550095953920|2020-03-22|sjsmith2000 JRA betting turnover 20 due corona induced crowd lockout holding well however|negative
1241546551656407041|2020-03-22|JerryFalwellJr My 20 year old son almost lost life Swine Flu 2009 poor response BarackObama T|negative
1241546552281313281|2020-03-22|girls Created Corona virus wpuldnt hang conFirmed|positive
1241546552402903041|2020-03-22|The_Samiksha_ Today Thousands people suffer Corona If saved disease grace God So 's duty|neutral
1241546552793018369|2020-03-22|shaktism_ Esplanade mall corona|neutral
1241546553015271425|2020-03-22|iRashidLatif68 SIUT performing free Corona Virus test You requested forward message Helpline 021 99215469|positive
1241546552910344193|2020-03-22|NMFCOfficial Membership purchased Got reserved seats game Footy gear Going game bloody|negative
1241546553103269888|2020-03-22|SauceGodTobi Me thinking Super Slurper Turbo action Dick Destroyer 3000 sex machine ima buy corona check|positive
1241546553606766602|2020-03-22|ChiomaNg_ Can kindly pls stop texting cos Ive got corona wouldnt mind spreading sharingiscaring|positive
1241546553418043393|2020-03-22|Kevin_Shipp This news needs get A flu shot INCREASES chance by36 getting Corona virus Military|negative
1241546554793738240|2020-03-22|phillyironlung Corona big hoax shouldnt taken seriously mind people die cancer fi|negative
1241546554810535936|2020-03-22|SenSanders 34,927.43 That medical bill uninsured patient got tested treated coronavirus This n|neutral
1241546556068642818|2020-03-22|zripena Corona allowing children immigrants say parents crossed border I cross stage hilarious|positive
1241546556144115712|2020-03-22|Corona really people getting back CoD lol|positive
1241546556437741568|2020-03-22|swati_gs A YouTube channel Lucknow City Live seems highly anti-CAA content put video protester saying Corona come|positive
1241546555963764738|2020-03-22|Corona Virus Toll-free Number Corona Virus Help Line Number coronavirusindia Covid_19india|neutral
1241546557037531136|2020-03-22|KyarraIman_ No offense corona virus disappearing April actually sucks|negative
1241546557654171648|2020-03-22|certifiedCabron Anybody else randomly yell Corona Virus Cardis voice|negative
1241546557641670657|2020-03-22|yawningemoji corona definitely sag one took seriously shes dramatic wreaking havoc terrible|negative
1241546557998145536|2020-03-22|certifiedCabron Anybody else randomly yell Corona Virus Cardis voice|negative
1241546558144839680|2020-03-22|YEESSSIIIRRR future grandson hey grandpa want corona|neutral
1241546558195167232|2020-03-22|QntuinTarantino Name iconic duo HIV feat Corona I 'll wait|positive
1241546558677618689|2020-03-22|certifiedCabron Anybody else randomly yell Corona Virus Cardis voice|negative
1241546558748983296|2020-03-22|geofflemon I almost everything right Worked home Saw one friend last 10 days Had beer hour outside pub ei|positive
1241546558832701441|2020-03-22|The_Samiksha_ Today Thousands people suffer Corona If saved disease grace God So 's duty|neutral
1241546558836887552|2020-03-22|glennkirschner2 Trump never one miss opportunity inspire prejudice stoke division But tomorrow one day cl|neutral
1241546558295982081|2020-03-22|COVID19 Im old enough remember Corona Beer Heineken memes SocialDistancing|positive
1241546559541706752|2020-03-22|VikingWill85 Stuck home Wank nudes vids instead Im running 20 promotion light Corona virus|positive
1241546559784996864|2020-03-22|_Naezz Can stop talking corona virus plzzz|neutral
1241546560024035328|2020-03-22|isaaciaga h- mom phd corona virus graduating whatsapp threads|neutral
1241546560317665282|2020-03-22|jrockg8000 Not 4/20 This monthlong 4/20 yall Im mad|negative
1241546560690884609|2020-03-22|ScaryMommy Trey Kennedy Nails How Every Mom In America Feels During Corona Quarantine TreyNKennedy|neutral
1241546560867098624|2020-03-22|geofflemon I almost everything right Worked home Saw one friend last 10 days Had beer hour outside pub ei|positive
1241546560875499521|2020-03-22|AgentManny discordapp Ty corona tips sir|neutral
1241546561571532800|2020-03-22|savelygram Love time Corona|positive
1241546561928212480|2020-03-22|isaaciaga h- mom phd corona virus graduating whatsapp threads|neutral
1241546561965838337|2020-03-22|mvmeet Corona Virus India Indian population 130 crores If 30 Population infected 42 crore 20 need hospitalisation 8 crore 10|neutral
1241546562058227712|2020-03-22|YEESSSIIIRRR future grandson hey grandpa want corona|neutral
1241546562418831361|2020-03-22|AkshayReddy_K India witnessing rise Corona cases like country world But credible scientific information n|positive
1241546562829860864|2020-03-22|YEESSSIIIRRR future grandson hey grandpa want corona|neutral
1241546562779533312|2020-03-22|I love salman khan .... Motivet alwayse .... Thankyou salman sir ... Corona Kha Se Agya Yar Mere Freind Ko Ho|neutral
1241546563618508800|2020-03-22|YEESSSIIIRRR future grandson hey grandpa want corona|neutral
1241546566114164743|2020-03-22|StephenPunwasi Remember people Youre jerking save humanity|neutral
1241546566088998912|2020-03-22|freshfaguette guys sneezed happened think corona|neutral
1241546566600663042|2020-03-22|Please Corona okay|positive
1241546567204483072|2020-03-22|Themlotsdad Who work The Bangladeshis forced work 20 hour days|negative
1241546567854764032|2020-03-22|Themlotsdad Who work The Bangladeshis forced work 20 hour days|negative
1241546567695228928|2020-03-22|PrayersForCoronaFreeWorld Many people lost lives due corona virus many still sick Tod|positive
1241546569054388225|2020-03-22|thanks everyone joined us PlaguePod 2 called give us corona news Til next time|positive
1241546569138221057|2020-03-22|geofflemon I almost everything right Worked home Saw one friend last 10 days Had beer hour outside pub ei|positive
1241546569696108545|2020-03-22|sineadxia So shortness breath corona symptom right know also gives shortness breath Anxiety And know|positive
1241546570174214144|2020-03-22|YEESSSIIIRRR future grandson hey grandpa want corona|neutral
1241546570849349634|2020-03-22|ScienceNews Among 508 patients required hospitalization 20 percent 20 44 years old|positive
1241546571516383232|2020-03-22|TheLifeOfNayy Yall dirty mfs brought corona home Miami amp increased 88 48HRS ....|negative
1241546571621240833|2020-03-22|2am thoughts back pain I weeks corona lung failure Oh brain stop medical anxiety please|negative
1241546571797483520|2020-03-22|LILGODSAVAGE If I corona bury math hat|neutral
1241546571503804420|2020-03-22|DR USAMA LOST THE BETTLE OF LIFE FIGHTING TO SAVE LIFE OF OTHERS FROM THIS DEADLY ENEMY CORONA|negative
1241546571994431488|2020-03-22|tedlieu Oh look ... another moron ZERO clue 's talking ... I 'm talking Trump The|negative
1241546572178939904|2020-03-22|Rx_Ed Can Hydroxichloroquin 400 mg week given senior citizens preventive measure Corona|positive
1241546572942331904|2020-03-22|spoxlna Statement General Command Libyan Arab Armed Forces regarding cease-fire humanitarian reasons caused|positive
1241546572950908929|2020-03-22|I still going abt day like normal corona|positive
1241546573240098816|2020-03-22|This chronic Illness Corona Virus IndiaFightsCorona covid19india corona|neutral
1241546573399511040|2020-03-22|YEESSSIIIRRR future grandson hey grandpa want corona|neutral
1241546573722468353|2020-03-22|rajinifans TN politicians playing dirty politics CoronavirusOutbreak For god sake dont misguide people If dont shut|negative
1241546574095941632|2020-03-22|New Shaka anti-Corona Virus t-shirt Click go_global_tshirt link|positive
1241546574779514880|2020-03-22|Someone find cure corona bc kpop stans online time LITERAL hell|neutral
1241546577132638208|2020-03-22|EchemendiaK Corona forgetting form sentences Kevin|neutral
1241546577140805633|2020-03-22|BernieSanders Right 87 million Americans uninsured underinsured Our profit-driven health care system danger p|positive
1241546577640112129|2020-03-22|swirkle_61 Rip corona stuff gon na much harder|negative
1241546577661100034|2020-03-22|cyantist Maybe instead covid-19 China Virus call CCP virus The corona communist party virus I believe tr|neutral
1241546577681891329|2020-03-22|jakepaul partnered CDC Foundation help fight corona virus yalls help every little donation counts amp|negative
1241546578063773696|2020-03-22|frozenfldrinks Scott_5D KenobiCheated margie_strike garym27 lizmoblubuckeye Persiflage77 BCOOL333 lizlibra1009 RachaelZ17 ze|neutral
1241546578109722624|2020-03-22|sambitswaraj Friends lets contribute Indias fight Corona following PM Sh narendramodi Ji advised JantaCu|neutral
1241546578759991296|2020-03-22|JoewackleGh corona virus leaving ghana wednesday dawn religious fanatics wake|neutral
1241546579636563973|2020-03-22|KyarraIman_ No offense corona virus disappearing April actually sucks|negative
1241546579854520320|2020-03-22|sardesairajdeep Another good step time myogiadityanath govt UP .. social security net urban poor worst affected|negative
1241546579992924161|2020-03-22|surajyengde India several million corona cases work Dalits Lets demand workers ri|neutral
1241546580148264961|2020-03-22|joshnomics Corona perfect cover sorts totalitarian shit Biggest loss isnt going virus econo|positive
1241546580391391233|2020-03-22|sambitswaraj Friends lets contribute Indias fight Corona following PM Sh narendramodi Ji advised JantaCu|neutral
1241546580571729921|2020-03-22|sineadxia So shortness breath corona symptom right know also gives shortness breath Anxiety And know|positive
1241546580865486856|2020-03-22|FootbaIl_Tweets 16 immune system fending corona|neutral
1241546581129691142|2020-03-22|Corona Virus Cover For Mass Arrests PART III via YouTube|neutral
1241546581524074497|2020-03-22|pinkietart Rt If You See Your Fav Kink .. Just Think No One Will Know Which ... Breeding Bondage Choking Exhibitionism Impact|neutral
1241546581758939138|2020-03-22|iatemuggles president Slovakia showing corona drip hand-tailored matching fabric surgical masks ..... impeccable https//|positive
1241546582065061889|2020-03-22|Ken_Rosenthal Need Dont feel apologize Cant Corona destruction society|neutral
1241546582203355137|2020-03-22|Vijayabaskarofl CoronaAll 6 +ve cases imported cases diff regions travel histories amp community transmitted New ca|positive
1241546582283206656|2020-03-22|sineadxia So shortness breath corona symptom right know also gives shortness breath Anxiety And know|positive
1241546583159816197|2020-03-22|My little brother keeps singing Cardi Bs corona virus song please send help|negative
1241546583306416128|2020-03-22|juliannarvivas dear corona virus take girls talked dated man|neutral
1241546583033950208|2020-03-22|yawningemoji corona definitely sag one took seriously shes dramatic wreaking havoc terrible|negative
1241546583872864257|2020-03-22|SelimSeesYou Russia lying corona numbers Its probably way worse theyll tell Yea thats theyre sen|negative
1241546584220774400|2020-03-22|FoxNews nytimes time life spite corona defiant cocky usual|negative
1241546585143742467|2020-03-22|iRashidLatif68 SIUT performing free Corona Virus test You requested forward message Helpline 021 99215469|positive
1241546585466531840|2020-03-22|plsfindmeagf oh No ... girls Got The corona Virus men Should stay away ... To safe|positive
1241546586745786368|2020-03-22|yuveeeeen always comfortable spots hits 3G|positive
1241546586368258048|2020-03-22|Thalaivar rajinikanth 's video message Corona awareness RAJINIVoiceForGoodCause|neutral
1241546587915972609|2020-03-22|QuranAndHadithh The Prophets Mosque closed first time 14 centuries since time Prophets mission Islam Y|positive
1241546588041830400|2020-03-22|KyarraIman_ No offense corona virus disappearing April actually sucks|negative
1241546588260089859|2020-03-22|kthalps Who examples politicians media blaming Sanders exposing people corona n't drop Or claiming|neutral
1241546588104699904|2020-03-22|yuveeeeen always comfortable spots hits 3G|positive
1241546588616622081|2020-03-22|Ive omg addicting|neutral
1241546589086175232|2020-03-22|dineshgrao Theres spike CoronavirusOutbreakindia I urge BSYBJP sriramulubjp mla_sudhakar immediately ramp mass|neutral
1241546589547659266|2020-03-22|geofflemon I almost everything right Worked home Saw one friend last 10 days Had beer hour outside pub ei|positive
1241546590214553601|2020-03-22|JerryFalwellJr My 20 year old son almost lost life Swine Flu 2009 poor response BarackObama T|negative
1241546590457933829|2020-03-22|Castro0Jay Dominicans found cure corona virus|neutral
1241546590302752768|2020-03-22|Riot_Bruh first kobe next corona 've got fucking Brand blowing shit jesus fuck|negative
1241546590659076098|2020-03-22|yuveeeeen always comfortable spots hits 3G|positive
1241546591263055872|2020-03-22|nimmasuresh Just loved statement AIIMS doctor ... This virus Corona Virus big ego come|positive
1241546591367987200|2020-03-22|certifiedCabron Anybody else randomly yell Corona Virus Cardis voice|negative
1241546591862915075|2020-03-22|geofflemon I almost everything right Worked home Saw one friend last 10 days Had beer hour outside pub ei|positive
1241546592278085632|2020-03-22|YEESSSIIIRRR future grandson hey grandpa want corona|neutral
1241546592705900544|2020-03-22|itisprashanth Iranian Physician Shirin Rouhani got corona treating patients passed away treated Corona patients|neutral
1241546593322455040|2020-03-22|YEESSSIIIRRR future grandson hey grandpa want corona|neutral
1241546593872097281|2020-03-22|Especially babies elderly family home|neutral
1241546594291527685|2020-03-22|geeta_dhiman7 PrayersForCoronaFreeWorld Prayers Corona free world The power prayer multiplied pray together Let|positive
1241546595356651521|2020-03-22|Odinstonexxx Well fuck|negative
1241546595725905920|2020-03-22|BJP4India We call upon entire nation observe JantaCurfew 22nd March 7 9 pm Lets unite fight Co|neutral
1241546595876761600|2020-03-22|AlecBenjamin ima go sleep someone wake whole corona virus thing|positive
1241546596061450240|2020-03-22|certifiedCabron Anybody else randomly yell Corona Virus Cardis voice|negative
1241546596212330496|2020-03-22|yuveeeeen always comfortable spots hits 3G|positive
1241546596426207232|2020-03-22|isaaciaga h- mom phd corona virus graduating whatsapp threads|neutral
1241546597047185408|2020-03-22|certifiedCabron Anybody else randomly yell Corona Virus Cardis voice|negative
1241546597286068224|2020-03-22|geofflemon I almost everything right Worked home Saw one friend last 10 days Had beer hour outside pub ei|positive
1241546597323943936|2020-03-22|NicolleDWallace We cant get face masks Trump-corona story 5 words via NYTimes|neutral
1241546597470625797|2020-03-22|BhavikaKapoor5 Money spent Son/Daughter marriage Mukesh Ambani 1000 cr Reddys 700 cr Subroto Roy 550 cr Laxm|negative
1241546597844111361|2020-03-22|MrMericanDream Britney Spears way singlehandedly destroy corona virus|negative
1241546598519201792|2020-03-22|GematriaClub Remember Sacrifice Kate Spade DavidSpade carries Heavy Conscious FAME =65 PANDEMIC =65 QUARANTINED =65 CORONA|negative
1241546598829580288|2020-03-22|Bullshit No historical data statistically predict margin error less 2.5 I build linea|positive
1241546598984765440|2020-03-22|MugdhaDate Now interesting ..... Dr Ramanan Laxminarayan doctor He PhD economics|positive
1241546599857295361|2020-03-22|gerash122 PressTV It looks like Elijah mount carmel Baal Israel 1 Iran 1556 Dead|positive
1241546600704606209|2020-03-22|Joetlovesdoggo He passed away blame one country left man bleeding death hours|neutral
1241546600901742592|2020-03-22|YEESSSIIIRRR future grandson hey grandpa want corona|neutral
1241546601090502658|2020-03-22|Corona cant kill Americans sense humor lolololololol ....|neutral
1241546601715417088|2020-03-22|tazmagor13 GOPLeader Nah according Azar told Trump Corona virus health security threat|negative
1241546601635573760|2020-03-22|jek___ LOCKDOWN JINGAN|neutral
1241546601929363457|2020-03-22|News corona virus reached Virgina Me|neutral
1241546602717814785|2020-03-22|sineadxia So shortness breath corona symptom right know also gives shortness breath Anxiety And know|positive
1241546602843713537|2020-03-22|isaaciaga h- mom phd corona virus graduating whatsapp threads|neutral
1241546603007291392|2020-03-22|awoostic Ye got ta make pizza whilst get corona|neutral
1241546603816603648|2020-03-22|YEESSSIIIRRR future grandson hey grandpa want corona|neutral
1241546604307451904|2020-03-22|kimberlaaaaaaay Lmao ex live west Chester cases girl apparently work hospita|positive
1241546605691637762|2020-03-22|Chefdad2000 realKILLERkross MLW Truth If corona virus wrestler Kross would beat|neutral
1241546606861668352|2020-03-22|FYOGOZAI im scared corona virus cuz know man gon pull beat shit|negative
1241546607377747968|2020-03-22|XXXRTD5 The incentives job rn crazy Corona finna bank account looking beautiful|positive
1241546607222374402|2020-03-22|yuveeeeen always comfortable spots hits 3G|positive
1241546607788769281|2020-03-22|YEESSSIIIRRR future grandson hey grandpa want corona|neutral
1241546608329842690|2020-03-22|certifiedCabron Anybody else randomly yell Corona Virus Cardis voice|negative
1241546609458139138|2020-03-22|RahulVicky To make matter worse India severe shortage masks gloves PPE amp protective equipments used hospital|negative
1241546609927864326|2020-03-22|KodakQJB Pray 4 deebo non wrong w jus decided turn 21 midst corona outbreak|negative
1241546609986400256|2020-03-22|ASg1956 This Is Very Very Serious ... Government Of India n All D State Govts Must Think n Act Upon It In Time So That Not A Sin|negative
1241546610342948864|2020-03-22|Eiggam5955 A friend sent pics taken Jupiter FL afternoon Did someone say corona|neutral
1241546610829598721|2020-03-22|Moo_Care2 coolmma Riley650 Thank anyone still working chaos We appreciate Please add laboratory techs No|neutral
1241546611047706624|2020-03-22|YEESSSIIIRRR future grandson hey grandpa want corona|neutral
1241546611236507650|2020-03-22|YEESSSIIIRRR future grandson hey grandpa want corona|neutral
1241546611374858240|2020-03-22|jihadwatchRS India Muslim protester refuses disperse says corona means Quran wont harm Muslims|neutral
1241546611659952129|2020-03-22|isaaciaga h- mom phd corona virus graduating whatsapp threads|neutral
1241546612201193473|2020-03-22|ThePopestar inhale I hope aesthetic prevent corona|neutral
1241546614738685952|2020-03-22|Johnrashton47 Very important Clinical protocols corona treatment China Please share clinicians JA|positive
1241546614616907776|2020-03-22|yuveeeeen always comfortable spots hits 3G|positive
1241546615124570113|2020-03-22|Nate_McMurray As guy ran insider trader crook ... This CORONA STOCK DUMP US Senators historically evil It sh|negative
1241546615342559237|2020-03-22|sanjaysinghsnmc Watch video amp Understand Corona Positive chains formed amp easily one break Coron|positive
1241546615808131074|2020-03-22|Be patient Know downside last much longer predicted people still involved th|negative
1241546617297285120|2020-03-22|DaveKeto Lots discussion FatEmperor coronavirus/ covid19 Overall data stands today mitigation strategies kee|neutral
1241546617620254721|2020-03-22|people act like corona virus code 2319|neutral
1241546617980964864|2020-03-22|This corona virus shit getting aggy af|negative
1241546618597343232|2020-03-22|JerryFalwellJr My 20 year old son almost lost life Swine Flu 2009 poor response BarackObama T|negative
1241546618664599552|2020-03-22|yawningemoji corona definitely sag one took seriously shes dramatic wreaking havoc terrible|negative
1241546618782003201|2020-03-22|EntheosShines FOX SUSPENDS PRO-TRUMP ANCHOR The Great TrishRegan Has Been Suspended By FNC For Not Bashing Trump Enough For Saying|positive
1241546618177867776|2020-03-22|PrayersForCoronaFreeWorld Today janta curfew world people stay home 7 a.m 9 p.m pray|positive
1241546619180498945|2020-03-22|YEESSSIIIRRR future grandson hey grandpa want corona|neutral
1241546619268395008|2020-03-22|Day 6 quarantine sister I watching Mulan The TV The Huns invaded China My sister Corona invaded China|neutral
1241546620153417728|2020-03-22|It 's crazy look calendar next week Oh pre-corona Cori You adorable|negative
1241546620426223619|2020-03-22|BetiGuruji GodMorningSaturday True worship cure incurable diseases like Cancer Aids etc Saint Rampal Ji Maharaj one|negative
1241546621101453313|2020-03-22|Me day work|neutral
1241546621512450048|2020-03-22|nopeifyaltalt first guy get corona must 've like|positive
1241546622988890121|2020-03-22|certifiedCabron Anybody else randomly yell Corona Virus Cardis voice|negative
1241546622871322624|2020-03-22|yuveeeeen always comfortable spots hits 3G|positive
1241546623307702273|2020-03-22|Corona got bitching go lowkey|neutral
1241546623542411265|2020-03-22|bluelayskanni corona entering india hi chellam corona hearing rattling sounds pots pans na china lab ke thiru|neutral
1241546624524050433|2020-03-22|EWAWUNMIII This CORONA VIRUS proven one thing It takes God nothing wipe everything everyone face earth|neutral
1241546624591151106|2020-03-22|sineadxia So shortness breath corona symptom right know also gives shortness breath Anxiety And know|positive
1241546624603693058|2020-03-22|EM_KA_17 REMINDER BHO awards Presidential Medal Freedom 11/22/2016 infected Corona-Virus|neutral
1241546624771461120|2020-03-22|YEESSSIIIRRR future grandson hey grandpa want corona|neutral
1241546625635344385|2020-03-22|isaaciaga h- mom phd corona virus graduating whatsapp threads|neutral
1241546626155655168|2020-03-22|timiparfect Cardi b gone full crazy I mean corona virus made see Cardi one goddamn awesome person COVID|positive
1241546626403090433|2020-03-22|FeverFMOfficial Extraordinary circumstances need extraordinary response JantaCurfew pmoindia narendramodi called fo|positive
1241546626566696961|2020-03-22|YEESSSIIIRRR future grandson hey grandpa want corona|neutral
1241546627048857607|2020-03-22|Ksingh561 Pay salaries Doctors first paid since January|positive
1241546627275513856|2020-03-22|HadiSlim9 Im planning post-corona routine|neutral
1241546627313274881|2020-03-22|officially laid amp unemployed fucking corona smd|negative
1241546627711713281|2020-03-22|mvmeet From 1st Feb 19th March i.e 48 days 191 Corona cases India But last 2 days 20th amp 21th Mar 131 case|neutral
1241546627732647940|2020-03-22|BarackObama Watch It shows right thing stay home fullest extent possible All us help|positive
1241546628856721408|2020-03-22|KyarraIman_ No offense corona virus disappearing April actually sucks|negative
1241546629246664704|2020-03-22|geofflemon I almost everything right Worked home Saw one friend last 10 days Had beer hour outside pub ei|positive
1241546629263634432|2020-03-22|PoliticusSarah Trump create novel corona virus COVID-19 ineptitude narcissism mendacious propaga|neutral
1241546629846450176|2020-03-22|HalkutHateli Corona virus stay active upto 3 days So belief staying inside 12 hrs clapping amp bangi|positive
1241546629930508294|2020-03-22|KyarraIman_ No offense corona virus disappearing April actually sucks|negative
1241546630110707712|2020-03-22|khurafatijaat All singles advised stay quarantined someone You might survive Corona could die excessive mastur|negative
1241546630794371077|2020-03-22|YEESSSIIIRRR future grandson hey grandpa want corona|neutral
1241546631151005701|2020-03-22|geofflemon I almost everything right Worked home Saw one friend last 10 days Had beer hour outside pub ei|positive
1241546631134281728|2020-03-22|pulte Plz I need amount money give parents working Corona virus situation ....|neutral
1241546631805145088|2020-03-22|jabinbotsford Close President realDonaldTrump notes seen crossed Corona replaced Chinese Virus|neutral
1241546632140746753|2020-03-22|suhmericano bitch doesnt even fucking medical degree yet talks like saved italy back palm|neutral
1241546632451305472|2020-03-22|everybody moving bc corona ques strolling time alive|positive
1241546632413548544|2020-03-22|nto1927 Where Corona|neutral
1241546631914369024|2020-03-22|No one Not single soulllll Corona Virus trying bait us|positive
1241546632530927617|2020-03-22|Ql foi fleezus Juandjph|neutral
1241546632962945024|2020-03-22|KyarraIman_ No offense corona virus disappearing April actually sucks|negative
1241546633210236930|2020-03-22|nopeifyaltalt first guy get corona must 've like|positive
1241546633663246336|2020-03-22|Amen VotingforTrump2020NoMatterWhat WhatHaveWeGottoLose|neutral
1241546633978019840|2020-03-22|LorrdSky Corona Virus African branch ... Make sure sanitize Covid_19|positive
1241546634804244480|2020-03-22|blaze0497 Do You Believe Trump Has Handled The CoronavirusPandemic In An Efficient Manner Corona Covid_19|neutral
1241546635953360896|2020-03-22|awryaditi A breathing specialist US talks hes seen Corona|neutral
1241546636326604800|2020-03-22|geofflemon I almost everything right Worked home Saw one friend last 10 days Had beer hour outside pub ei|positive
1241546636565889024|2020-03-22|Day 4 quarantine No corona related fever baby fever|neutral
1241546636716728320|2020-03-22|Atheist_Krishna He showing middle finger likes Doctors Nurses amp professionals working|negative
1241546637102612481|2020-03-22|MLMANDOWARA CoronaChainScare corona Corona-No one found Janta curfew|neutral
1241546637484240901|2020-03-22|geofflemon I almost everything right Worked home Saw one friend last 10 days Had beer hour outside pub ei|positive
1241546637815799810|2020-03-22|shaktism_ Esplanade mall corona|neutral
1241546638935515137|2020-03-22|ANHADBRIDAL Stay Safe Corona StayResponsible There 's need Panic|positive
1241546638990204931|2020-03-22|YEESSSIIIRRR future grandson hey grandpa want corona|neutral
1241546639220912128|2020-03-22|YEESSSIIIRRR future grandson hey grandpa want corona|neutral
1241546640286199808|2020-03-22|FootbaIl_Tweets 16 immune system fending corona|neutral
1241546640319819778|2020-03-22|absolutely one corona virus|negative
1241546640608989185|2020-03-22|isaaciaga h- mom phd corona virus graduating whatsapp threads|neutral
1241546640844079109|2020-03-22|sineadxia So shortness breath corona symptom right know also gives shortness breath Anxiety And know|positive
1241546641561325569|2020-03-22|geofflemon I almost everything right Worked home Saw one friend last 10 days Had beer hour outside pub ei|positive
1241546641640796161|2020-03-22|Arunakrishnan justakeralite NarenMenon1 This case really devastating read Kasargod Corona free careless brainle|negative
1241546643104825344|2020-03-22|sineadxia So shortness breath corona symptom right know also gives shortness breath Anxiety And know|positive
1241546643159134210|2020-03-22|ArvindKejriwal All Delhi Govt press conferences conducted digitally Its important journalists|positive
1241546643326943233|2020-03-22|yuveeeeen always comfortable spots hits 3G|positive
1241546643448741889|2020-03-22|DKShivakumar I appeal central amp state govt announce 'Special Corona Financial Package keeping mind interests|positive
1241546643511455744|2020-03-22|gaybonez nyc said masturbate fuck roommates|negative
1241546643771502592|2020-03-22|aaiimmaannnnn Create demand supply|neutral
1241546644140642306|2020-03-22|OMGItsKhairy_ Black people watching United States spend trillions bailouts Corona Virus After JUST said|negative
1241546644371525632|2020-03-22|There group close together work lunch supposed social distancing Carlos real|positive
1241546645608808454|2020-03-22|OMGItsKhairy_ Black people watching United States spend trillions bailouts Corona Virus After JUST said|negative
1241546645675925504|2020-03-22|Nate_McMurray As guy ran insider trader crook ... This CORONA STOCK DUMP US Senators historically evil It sh|negative
1241546646573535239|2020-03-22|Gaza 2cases coronavirus announced quarantine right Gaza enough QUARANTINE fo|positive
1241546646766288897|2020-03-22|monsouleil STOP CORONA YOURE KILLING THE VIBE I JUST WAN NA SEE MY MAN|neutral
1241546647252783104|2020-03-22|medeabenjamin WTF I got funding request Joe Biden w subject line My stutter In midst corona nightmare|negative
1241546647521329152|2020-03-22|no_silenced NM see nobody seeing point We seeing Shit tons people like famous actors singers athletes congress|positive
1241546647772921858|2020-03-22|YEESSSIIIRRR future grandson hey grandpa want corona|neutral
1241546647655473152|2020-03-22|onlyfansx9x26x Happy St. Patricks Day DAY 1 Of Quarantine Corona Virus Aint Stop Us Full Video Available|positive
1241546648733376514|2020-03-22|khanumarfa You living face Corona else n't ask payee Dirty Nehru pariwar donate Billionaire family|negative
1241546648909733888|2020-03-22|jrockg8000 Not 4/20 This monthlong 4/20 yall Im mad|negative
1241546649505316864|2020-03-22|jihadwatchRS India Muslim protester refuses disperse says corona means Quran wont harm Muslims|neutral
1241546650134482944|2020-03-22|isaaciaga h- mom phd corona virus graduating whatsapp threads|neutral
1241546650906230784|2020-03-22|crushthebigots OmariJHardy speakOmariJHardy OmariHardy live TV heffa told done Can ima|negative
1241546651346636806|2020-03-22|AlecBenjamin f u corona f u|neutral
1241546651711365121|2020-03-22|geofflemon I almost everything right Worked home Saw one friend last 10 days Had beer hour outside pub ei|positive
1241546653217304577|2020-03-22|Just duke|neutral
1241546653883985921|2020-03-22|YEESSSIIIRRR future grandson hey grandpa want corona|neutral
1241546654366515200|2020-03-22|YEESSSIIIRRR future grandson hey grandpa want corona|neutral
1241546655016472577|2020-03-22|yawningemoji corona definitely sag one took seriously shes dramatic wreaking havoc terrible|negative
1241546655087783937|2020-03-22|ikarbertweet This tweet age well|neutral
1241546656249597955|2020-03-22|nisatyas When pak Topo charge HE influencer|neutral
1241546656417484800|2020-03-22|EKYM_FC CORONA VIRUS SUPPORT 1st grocery delivery today 94 year old member Community We Players Coaches Commit|positive
1241546656711168002|2020-03-22|ThickQueenz When coronas got stuck house nothing|neutral
1241546656774053890|2020-03-22|rewind003 girls Created Corona virus wpuldnt hang conFirmed|positive
1241546656400707591|2020-03-22|AntointteG My pleasure despite Corona panic Fuckin media caused panic|neutral
1241546657340293122|2020-03-22|DizzyTV want thank checking new album~~ ive 30 listens since yesterday~~ even tho 1 purc|positive
1241546658653057026|2020-03-22|Todays corona-quarantine included Corona Scott Mail amp classic movie kindestregards honeyishrunkthekids|positive
1241546658867011585|2020-03-22|sineadxia So shortness breath corona symptom right know also gives shortness breath Anxiety And know|positive
1241546659101892610|2020-03-22|Fun fact I love crib quarantine nofear noworries Blackman beard beardgang handsome|positive
1241546659978412033|2020-03-22|Hw3_Ni_gyimiiBi Dear Nana Addo If able get kindly close hospitals es|positive
1241546660393648128|2020-03-22|geofflemon I almost everything right Worked home Saw one friend last 10 days Had beer hour outside pub ei|positive
1241546660624416771|2020-03-22|sister dont wan na kiss kids goodnight said corona blow kiss|neutral
1241546661249179648|2020-03-22|IndiaFightsCorona Sankalp Sanyam needed combat Corona via NaMo App|neutral
1241546661517819908|2020-03-22|DefendDemocracy Because Putin wants get elected President life Russia people n't die corona They die flu Co|positive
1241546662041927682|2020-03-22|PrayersForCoronaFreeWorld PrayersForCoronaFreeWorld Prayers Corona free world The power prayer multip|positive
1241546662285381634|2020-03-22|SegyBB13 World Busy Fighting Corona Sidnagians Sana Fans busy Fighting SidHearts Spreading Nega|positive
1241546663036059648|2020-03-22|geofflemon I almost everything right Worked home Saw one friend last 10 days Had beer hour outside pub ei|positive
1241546663161888770|2020-03-22|KyarraIman_ No offense corona virus disappearing April actually sucks|negative
1241546663476551681|2020-03-22|YEESSSIIIRRR future grandson hey grandpa want corona|neutral
1241546663396810753|2020-03-22|KyarraIman_ No offense corona virus disappearing April actually sucks|negative
1241546663673511937|2020-03-22|ReenaIn34849963 PrayersForCoronaFreeWorld Let 's stay home Stay home stay safe pray corona free world|positive
1241546664155979777|2020-03-22|jacksfilms Corona officially cancelled|neutral
1241546664353173504|2020-03-22|YEESSSIIIRRR future grandson hey grandpa want corona|neutral
1241546664487399425|2020-03-22|I street pub across Smith-Corona Greek continually stump man could reproduce bit sleepy|neutral
1241546665355628544|2020-03-22|geofflemon I almost everything right Worked home Saw one friend last 10 days Had beer hour outside pub ei|positive
1241546666521526272|2020-03-22|I would much rather die Corona destroyed fiscally recession point life would life|positive
1241546666840330240|2020-03-22|The elbow one hits harder|negative
1241546667515506689|2020-03-22|geofflemon I almost everything right Worked home Saw one friend last 10 days Had beer hour outside pub ei|positive
1241546667465281538|2020-03-22|daddy__shy rt u see ur kink choking saving bees bdsm treated equally hair pulling people spelling nam|neutral
1241546667645526018|2020-03-22|WHAT THE Yall dam corona hacked twitter tweeted horny stuff Im-|neutral
1241546667645599746|2020-03-22|Xiair wouldve HATED corona virus us quarantine messing midday naps My girl loved alone time|negative
1241546668119437312|2020-03-22|RGVzoomin Corona treats every1 equally Sharuk khan flop actor Modi beggar beautiful ugly woman equally|positive
1241546668484562944|2020-03-22|simplykennedy_ Where vacationing corona leave|neutral
1241546668476182540|2020-03-22|SimonLo15516665 AyoCaesar This son 's paramedic London shout suspected Corona virus case Him|neutral
1241546668887031808|2020-03-22|kumarwinn ShameOnTwitterIndia removing India 's biggest Superstar rajinikanth 's video message Corona RAJINIVoiceForGoo|neutral
1241546668996210689|2020-03-22|SpecialKaii_ Cause sholl wasnt nobody went|neutral
1241546669281300482|2020-03-22|certifiedCabron Anybody else randomly yell Corona Virus Cardis voice|negative
1241546669881053184|2020-03-22|kthalps Bernie Sanders egomaniac amp supporters toxic cultists messiah complex ...|negative
1241546670120169472|2020-03-22|yuveeeeen always comfortable spots hits 3G|positive
1241546670883700740|2020-03-22|Watch berniedole1 's broadcast Corona news Australia|neutral
1241546670896115717|2020-03-22|UN blamed th corona invention n destruction n punitive action ImranKhanPTI|positive
1241546671323934721|2020-03-22|sanghaviharsh We take care citizen town SMC Cleaning/sterilising premises Corona Positive case|positive
1241546671290552323|2020-03-22|kelseydashmarie Errry day|neutral
1241546671781064704|2020-03-22|DigvijaynathTi4 Superb Clip Corona Virus Kerala Police|positive
1241546671953190912|2020-03-22|certifiedCabron Anybody else randomly yell Corona Virus Cardis voice|negative
1241546672108261376|2020-03-22|Judgypudgy Thank God funny twitter back stronger corona|positive
1241546672401866752|2020-03-22|bennicky The legend dropping Alice Deejay Corona Lockdown every balcony phone lights Love|positive
1241546672423030784|2020-03-22|geofflemon I almost everything right Worked home Saw one friend last 10 days Had beer hour outside pub ei|positive
1241546672334831616|2020-03-22|Nicklaus win CVHSGrizzlies FtballAtTheView|positive
1241546673127452677|2020-03-22|merlinvestor naval Great thread john_hempton topic Why Italy SK different outcomes even though fi|positive
1241546673232502785|2020-03-22|chriss_paid I wonder celebrity gon say got corona virus tomorrow|neutral
1241546673169580033|2020-03-22|Karaev_Fan Normies KFesta3 stupidest corona thing happening right MMA fans|positive
1241546673265856512|2020-03-22|BrentTerhune massgamer911 Corona virus conola virus ... haha love coughs hand wipes face w|positive
1241546673395916801|2020-03-22|BJP4India We call upon entire nation observe JantaCurfew 22nd March 7 9 pm Lets unite fight Co|neutral
1241546674088169473|2020-03-22|geofflemon I almost everything right Worked home Saw one friend last 10 days Had beer hour outside pub ei|positive
1241546675967016960|2020-03-22|I actually sure whether government taking corona crisis economic crisis seriously If proper|positive
1241546676998995969|2020-03-22|YEESSSIIIRRR future grandson hey grandpa want corona|neutral
1241546677292601346|2020-03-22|frida maybe havubg cancel trip corona|negative
1241546678534094855|2020-03-22|YEESSSIIIRRR future grandson hey grandpa want corona|neutral
1241546678873673729|2020-03-22|geeta_dhiman7 PrayersForCoronaFreeWorld Janta Curfew let us fullfill moral responsibility sporting janta Curfew|neutral
1241546678986915840|2020-03-22|YEESSSIIIRRR future grandson hey grandpa want corona|neutral
1241546680736059393|2020-03-22|geofflemon I almost everything right Worked home Saw one friend last 10 days Had beer hour outside pub ei|positive
1241546680744337409|2020-03-22|yuveeeeen always comfortable spots hits 3G|positive
1241546681256042497|2020-03-22|R_S_Insan Tomorrow 22 march 7AM 9PM JantaCurfew declared amp derasachasauda Support urges everyone stay h|neutral
1241546681306566656|2020-03-22|YEESSSIIIRRR future grandson hey grandpa want corona|neutral
1241546681725878272|2020-03-22|DenzelHD God Bigger Corona virus God Bigger Corona virus God Bigger Corona virus God Bigger Corona vir|neutral
1241546681574981632|2020-03-22|sineadxia So shortness breath corona symptom right know also gives shortness breath Anxiety And know|positive
1241546682401259522|2020-03-22|Laddo777MSG PrayersForCoronaFreeWorld Corona virus spreading fastly direct contact infected people 's|positive
1241546683395145729|2020-03-22|SureshNakhua Did bdutt tell Dr Ramanan Laxminarayan NOT doctor He PhD economics A director US based N|neutral
1241546683516776448|2020-03-22|RMCpost Finally .. It turn Ramanan Laxminarayan sells cheap Corona masks sanitisers thats folks li|positive
1241546684192231424|2020-03-22|SenSanders 34,927.43 That medical bill uninsured patient got tested treated coronavirus This n|neutral
1241546684536061952|2020-03-22|pinkietart Rt If You See Your Fav Kink .. Just Think No One Will Know Which ... Breeding Bondage Choking Exhibitionism Impact|neutral
1241546684640845826|2020-03-22|JerryFalwellJr My 20 year old son almost lost life Swine Flu 2009 poor response BarackObama T|negative
1241546684770873344|2020-03-22|Stevaniehuangg LIPI Pun Ikut Bicara .. Stay Safe Stay Healthy Stay At Home|positive
1241546685274152961|2020-03-22|mvmeet Corona Virus India Indian population 130 crores If 30 Population infected 42 crore 20 need hospitalisation 8 crore 10|neutral
1241546685181984770|2020-03-22|LMKMovieManiac dhanushkraja shares valid points Corona COVID19 JanataCurfew SocialDistancing amp importantly abt section|positive
1241546685513433089|2020-03-22|It due respect I speak people I say TURN AROUND|negative
1241546685685301248|2020-03-22|I target food groups I wan na hit tomorrow Im focused losing corona-15|negative
1241546686284984320|2020-03-22|BhavikaKapoor5 Money spent Son/Daughter marriage Mukesh Ambani 1000 cr Reddys 700 cr Subroto Roy 550 cr Laxm|negative
1241546686847164417|2020-03-22|ekonomy_ Corona cancelling money moves|neutral
1241546686939496449|2020-03-22|KtmAktivist Shouldnt COVID-19 Taskforce Chair providing daily updates Nepali citizens PM_Nepal|neutral
1241546688143036418|2020-03-22|sarim110 Latest Update India Today 's Cases 83 Today 's Deaths 0 Total Confirmed 332 Active Cases 304 Tota|positive
1241546689464369153|2020-03-22|albertoutspoken The first brunch corona shit gon one books|positive
1241546689611059200|2020-03-22|KyarraIman_ No offense corona virus disappearing April actually sucks|negative
1241546689703378944|2020-03-22|OMGItsKhairy_ Black people watching United States spend trillions bailouts Corona Virus After JUST said|negative
1241546689804034049|2020-03-22|InsanNeeru2 PrayersForCoronaFreeWorld Stay Safe Stay Home It 's Not Curfew It 's Care For You|positive
1241546691582582784|2020-03-22|abbyabrams Wondering much cost actually get COVID19 I talked woman uninsured got virus|positive
1241546690575859713|2020-03-22|AndBrazen carriemartin357 Didnt The Apprentice last week say EU bad job fighting Corona Look nu|negative
1241546691641315328|2020-03-22|Damn cant kiss homies goodnight|neutral
1241546691846631424|2020-03-22|yuveeeeen always comfortable spots hits 3G|positive
1241546692219949057|2020-03-22|monsouleil STOP CORONA YOURE KILLING THE VIBE I JUST WAN NA SEE MY MAN|neutral
1241546693176438784|2020-03-22|fabbgrat bottom tweets keeping someone ALIVE chile ..... corona take us|positive
1241546693037789185|2020-03-22|ikarbertweet This tweet age well|neutral
1241546693968941056|2020-03-22|burnoutamber girl got corona Im still tryna fuck|negative
1241546694321455105|2020-03-22|MakedaMorrison Day 5 We rediscovered farming|neutral
1241546694480650242|2020-03-22|_fierceflower Miss Corona needs pack bags|neutral
1241546694627639296|2020-03-22|KatiePavlich Nope ThanksCCP|neutral
1241546694992392195|2020-03-22|faizal_tahir Lets kill Corona Virus Keep hands clean always|positive
1241546695181123584|2020-03-22|My family group chat wow administration absolutely dropping ball corona crisis Me|positive
1241546695432945664|2020-03-22|DynamoSuper I n't drink Corona Extra virus I 'm going start make feel better abou|positive
1241546696514924544|2020-03-22|tera_yar_hu Latest Update India Today 's Cases 83 Today 's Deaths 0 Total Confirmed 332 Active Cases 304 T|positive
1241546696632434690|2020-03-22|sambitswaraj Friends lets contribute Indias fight Corona following PM Sh narendramodi Ji advised JantaCu|neutral
1241546697202950144|2020-03-22|barstoolsports DonnieDoesWorld trapped Bahamas end sight FULL VIDEO HERE|positive
1241546697290985479|2020-03-22|YEESSSIIIRRR future grandson hey grandpa want corona|neutral
1241546697949491205|2020-03-22|srivatsayb See corona debate shifted important topics health facilities mass testing effective quarantine|positive
1241546697886629888|2020-03-22|neye_ivy MOgbenin What 's saying u sure OK like Hope people home You need|positive
1241546698482012160|2020-03-22|Go_USC_Gamecock Interesting fact 40 patients Corona Virus hospital US ages 20-54 A total change fro|positive
1241546698796777477|2020-03-22|TheLastRefuge2 First Russia Russia Russia impeachment Now plan C Trump takes bait trashes eco|negative
1241546699119546368|2020-03-22|SachinsWorld17 Latest Update India Today 's Cases 83 Today 's Deaths 0 Total Confirmed 332 Active Cases 30|positive
1241546699559993345|2020-03-22|Reena81321012 To PrayersForCoronaFreeWorld followers derasachasauda urge unite face pandemic corona virus|neutral
1241546700549812224|2020-03-22|nimmasuresh Just loved statement AIIMS doctor ... This virus Corona Virus big ego come|positive
1241546700394618880|2020-03-22|mannkibaat Latest Update India Today 's Cases 83 Today 's Deaths 0 Total Confirmed 332 Active Cases 304 To|positive
1241546702378733570|2020-03-22|YEESSSIIIRRR future grandson hey grandpa want corona|neutral
1241546703397744641|2020-03-22|yuveeeeen always comfortable spots hits 3G|positive
1241546703401967616|2020-03-22|RajanThakur333 This govt mygovindia taking corona seriously|negative
1241546703662190592|2020-03-22|erbmjha World facing tremendous crisis due outbreak Corona Others looking solution every possible way|positive
1241546703620263941|2020-03-22|YEESSSIIIRRR future grandson hey grandpa want corona|neutral
1241546703968391169|2020-03-22|Hi im photographer book post corona needs|neutral
1241546703913828355|2020-03-22|alth0u starting thread positive things happening US fight corona-chan sleepinggiantawakens|positive
1241546704215736320|2020-03-22|OGMaaaarcus This corona shit really got cancelling cough mid motion|neutral
1241546704471511041|2020-03-22|YEESSSIIIRRR future grandson hey grandpa want corona|neutral
1241546705088045057|2020-03-22|uffeelbaek Its crazy devastating corona-times So behave safe amp take care And still happ|negative
1241546705906151426|2020-03-22|inclhmptn corona shit getting outta hand seen nigga rub hand sanitizer latex gloves|negative
1241546706035990528|2020-03-22|MJibranNasir Please note doctor nurse paramedic protesting working conditions n't villain They deserve proper pro|neutral
1241546707206197251|2020-03-22|INCIndia Madam Rahul ji pls appeal government give 50 days advance payment MENGRA account holder|positive
1241546708292644867|2020-03-22|SenSanders 34,927.43 That medical bill uninsured patient got tested treated coronavirus This n|neutral
1241546708284133377|2020-03-22|BangaloreMirror Corona r new hires TheyDoNotCare|positive
1241546708552577025|2020-03-22|yuveeeeen always comfortable spots hits 3G|positive
1241546709030834177|2020-03-22|OMGItsKhairy_ Black people watching United States spend trillions bailouts Corona Virus After JUST said|negative
1241546709190107136|2020-03-22|grihini Meanwhile India TrashBags ShaheenBagh ready die Corona illegals|positive
1241546710125608961|2020-03-22|NicolleDWallace We cant get face masks Trump-corona story 5 words via NYTimes|neutral
1241546710666502144|2020-03-22|YEESSSIIIRRR future grandson hey grandpa want corona|neutral
1241546710943510529|2020-03-22|JerryFalwellJr My 20 year old son almost lost life Swine Flu 2009 poor response BarackObama T|negative
1241546712298242048|2020-03-22|JerryFalwellJr My 20 year old son almost lost life Swine Flu 2009 poor response BarackObama T|negative
1241546713455828992|2020-03-22|EWAWUNMIII This CORONA VIRUS proven one thing It takes God nothing wipe everything everyone face earth|neutral
1241546713933983746|2020-03-22|MansouriSirwan For 41 years Iranian mullahs regime taken world hostage begun US embassy still demands ranso|neutral
1241546714735161351|2020-03-22|BetimBelica The doctor save us corona-virus|neutral
1241546715104043008|2020-03-22|geofflemon I almost everything right Worked home Saw one friend last 10 days Had beer hour outside pub ei|positive
1241546715162759170|2020-03-22|khatvaanga Phew Was worried Corona India Not anymore ab virus ko koi bacha nahin sakta|neutral
1241546715813076997|2020-03-22|KingRyanG I hate corona virus AHHH|negative
1241546716454760456|2020-03-22|YEESSSIIIRRR future grandson hey grandpa want corona|neutral
1241546716568080387|2020-03-22|beatsbydrsne DOCTORS MAY NEED TO CHOOSE BETWEEN YOUR 80YR GRANDMA AND YOUR 40YR OLD NEIGHBOR That dashed line hospital resources|positive
1241546717025177601|2020-03-22|dahtgirl_ajex prof_pius Buhari worst corona ... choose wisely next time please hun|negative
1241546717545345024|2020-03-22|YEESSSIIIRRR future grandson hey grandpa want corona|neutral
1241546717692125186|2020-03-22|YEESSSIIIRRR future grandson hey grandpa want corona|neutral
1241546717918572551|2020-03-22|This fun Vegas start taking odds many times calls corona SARS Ebola favorite N1H1|positive
1241546718849536000|2020-03-22|YEESSSIIIRRR future grandson hey grandpa want corona|neutral
1241546719612948480|2020-03-22|ameliexrose dear corona f ck xoxo whole world lt 3|positive
1241546719587897344|2020-03-22|dubstep4dads feel like corona would solved much sooner cory still house|positive
1241546719894085632|2020-03-22|The_Beef_Cake Itachi died corona virus|neutral
1241546719827046402|2020-03-22|KyarraIman_ No offense corona virus disappearing April actually sucks|negative
1241546719885582336|2020-03-22|MakedaMorrison Day 5 We rediscovered farming|neutral
1241546720472784896|2020-03-22|monsouleil STOP CORONA YOURE KILLING THE VIBE I JUST WAN NA SEE MY MAN|neutral
1241546720795717632|2020-03-22|While corona taken form global pandemic one hand caused lot human damage mes|positive
1241546720917491713|2020-03-22|tobicomm How allow corona spread hundreds thousands die Vs Cost total shutdown What cost att|negative
1241546721240506374|2020-03-22|sineadxia So shortness breath corona symptom right know also gives shortness breath Anxiety And know|positive
1241546721332793347|2020-03-22|Please send Joe Biden amp corrupt MSM CBS NBC ABC MSNBC CNN ... Joe Biden remember|negative
1241546721894621184|2020-03-22|AuntyJahlisa My last two brain cells screaming CORONA VIRUS CAN I PET THAT DAWG loop rn|neutral
1241546721919827968|2020-03-22|Postponing Most Foreign Inspection .... article said|positive
1241546722519576576|2020-03-22|ArvindKejriwal Corona restrictions causing terrible financial stress poor Following decisions taken provide relief- 1 Rs|negative
1241546722989486081|2020-03-22|Public service message Total corona deaths today 13,004 You may return previously scheduled programming|negative
1241546724830851074|2020-03-22|Aye WILD AF yall living paradise like|positive
1241546725225095171|2020-03-22|NicolleDWallace We cant get face masks Trump-corona story 5 words via NYTimes|neutral
1241546725308981248|2020-03-22|iatemuggles president Slovakia showing corona drip hand-tailored matching fabric surgical masks ..... impeccable https//|positive
1241546725317177345|2020-03-22|My mans 100 Grand ..|positive
1241546726286274561|2020-03-22|isaaciaga h- mom phd corona virus graduating whatsapp threads|neutral
1241546726260871169|2020-03-22|Its 7.30 already seen many people outside yar bahar corona hai carnival nhi jo ghoom rahe ho ... ghar|positive
1241546726734852096|2020-03-22|JournoAshutosh Jamia Coordination Committee Alumnus Association calls anti-CAA protest wake Corona Outbreak|neutral
1241546726697324549|2020-03-22|xexeliah SpendoGustavo I beg dey .. corona dey pursue I believe I go dey safe ever dey|positive
1241546726999121921|2020-03-22|Shaileshinsha5 PrayersForCoronaFreeWorld As citizens India moral responsibility fulfill 'Janta Curfew full|positive
1241546727620071426|2020-03-22|isaaciaga h- mom phd corona virus graduating whatsapp threads|neutral
1241546728991531008|2020-03-22|IrishAmerican07 Hi DD 1 charts|neutral
1241546729398263808|2020-03-22|madhubala2705 Lets Support Stay Home Stay Safe Fight Against Corona JantaCurfewMarch22 PrayersForCoronaFreeWorld|positive
1241546729561804800|2020-03-22|dubstep4dads feel like corona would solved much sooner cory still house|positive
1241546729972998145|2020-03-22|isaaciaga h- mom phd corona virus graduating whatsapp threads|neutral
1241546730665017344|2020-03-22|Check effects Corona Virus 2020 MLB season|neutral
1241546731373727744|2020-03-22|sardesairajdeep All good decisions Well done Delhi govt .. lage raho ArvindKejriwal .. Kerala model relief must go national|positive
1241546731558338561|2020-03-22|SarcHasem RyanAFournier Truth know nothing fear porn reported Left Whether Corona Virus|negative
1241546732179083264|2020-03-22|Farberyanki The single important thing beat Corona Stay away Grandma Grandpa Love afar|positive
1241546732657410049|2020-03-22|Does anyone live alone NYC|positive
1241546734716596225|2020-03-22|VinodSharmaView Whats Indian corporate sector way lending shoulder Govt citizens fight Corona Couldn|neutral
1241546734788108288|2020-03-22|eugenegu realDonaldTrump Its used treat Corona Virus since 2005 ...|neutral
1241546735094132737|2020-03-22|RGVzoomin The police might know public like look upto police I request Sampoornes|neutral
1241546735400284160|2020-03-22|jek___ LOCKDOWN JINGAN|neutral
1241546735559700480|2020-03-22|Bullshit No historical data statistically predict margin error less 2.5 I build linea|positive
1241546735647952897|2020-03-22|I k corona recently .. Ive hungry eating bad H E L P|negative
1241546735819919362|2020-03-22|amount clothes found packing ... bro corona pleasseee go away lmao|positive
1241546735962464258|2020-03-22|OMGItsKhairy_ Black people watching United States spend trillions bailouts Corona Virus After JUST said|negative
1241546736432074752|2020-03-22|Im buyin anything libitards sellin especially corona virus test The real virus called|positive
1241546736792776704|2020-03-22|sara8smiles Is Corona Virus Really Activated 5G Platforms Sky Above via YouTube|positive
1241546737346478080|2020-03-22|Please something strictly Peoples going walk going open shops When I ask wh|negative
1241546739330383874|2020-03-22|sineadxia So shortness breath corona symptom right know also gives shortness breath Anxiety And know|positive
1241546739326365697|2020-03-22|ArneAlvarado CABRAXAS10 The CoronaVirus panic defies reason I question mass hysteria virus n't come close rea|neutral
1241546739636678656|2020-03-22|ashwin_baindur Our model shows 300-500 million Corona cases India July end amp peak 10 million seriously ill us|negative
1241546740114718722|2020-03-22|engineerhaseeb ashoswai Nobody roaming around today JanataCurfew nobody roaming around|negative
1241546740253241348|2020-03-22|juliannarvivas dear corona virus take girls talked dated man|neutral
1241546740890828800|2020-03-22|certifiedCabron Anybody else randomly yell Corona Virus Cardis voice|negative
1241546741163286528|2020-03-22|BhavikaKapoor5 Money spent Son/Daughter marriage Mukesh Ambani 1000 cr Reddys 700 cr Subroto Roy 550 cr Laxm|negative
1241546741570129920|2020-03-22|NicolleDWallace We cant get face masks Trump-corona story 5 words via NYTimes|neutral
1241546741679304707|2020-03-22|If structured settlement need cash|neutral
1241546742199455744|2020-03-22|narendramodi Namaste Modiji Good step Janata curfew We stay home But need go work shut Ad|negative
1241546743159775233|2020-03-22|Now I realize Corona took away happiness|positive
1241546743562543104|2020-03-22|filippoc1970 Texas NY amp Cali 3 largest states Cuomo amp Newsom aggressive knowing 's come In Texas Greg Abbo|neutral
1241546743503675394|2020-03-22|yuveeeeen always comfortable spots hits 3G|positive
1241546743897944064|2020-03-22|ashoswai Another 'fake news peddled India India country vegetarians going affected Corona|negative
1241546743973634059|2020-03-22|geofflemon I almost everything right Worked home Saw one friend last 10 days Had beer hour outside pub ei|positive
1241546743981977600|2020-03-22|KarnatakaPMC A important message Sowmyareddyr Reddy MLA Jayanagar General Secretary MahilaCongress pets amidst|positive
1241546745307262978|2020-03-22|yuveeeeen always comfortable spots hits 3G|positive
1241546745491992576|2020-03-22|Maybe corona cant survive water|neutral
1241546746544693248|2020-03-22|BCOOL333 RealOre0 We need find medical supplies JackMaMedicalSupplies Where Delivered|negative
1241546746939027457|2020-03-22|This corona|neutral
1241546747232636928|2020-03-22|eliyudin Ill Corona ... hold virus -a dad vacation somewhere Florida right|positive
1241546747630899203|2020-03-22|mohandreamer JantaCurfewMarch22 It 's war corona virus ... stay home tomorrow ..|neutral
1241546747576549376|2020-03-22|jellybnbonanza I saw Corona delivery truck town I wonder hes embarrassed I|neutral
1241546749103112192|2020-03-22|dr_tompi This|neutral
1241546749367349249|2020-03-22|YEESSSIIIRRR future grandson hey grandpa want corona|neutral
1241546749690417153|2020-03-22|Mareq16 Tom Hanks comms Madonna comms corona typewriter|neutral
1241546750151794688|2020-03-22|Joetlovesdoggo He passed away blame one country left man bleeding death hours|neutral
1241546750332153857|2020-03-22|jlewis237 File rich kids stoopid|positive
1241546750600585217|2020-03-22|SenSanders 34,927.43 That medical bill uninsured patient got tested treated coronavirus This n|neutral
1241546751338668034|2020-03-22|yuveeeeen always comfortable spots hits 3G|positive
1241546751552532480|2020-03-22|medeabenjamin WTF I got funding request Joe Biden w subject line My stutter In midst corona nightmare|negative
1241546752378966018|2020-03-22|geofflemon I almost everything right Worked home Saw one friend last 10 days Had beer hour outside pub ei|positive
1241546752420909062|2020-03-22|sineadxia So shortness breath corona symptom right know also gives shortness breath Anxiety And know|positive
1241546752714371072|2020-03-22|yuveeeeen always comfortable spots hits 3G|positive
1241546753297563648|2020-03-22|Corona went viral 2 different ways|neutral
1241546754299842560|2020-03-22|oz_f This needs post Corona examination|neutral
1241546754949955585|2020-03-22|QuranAndHadithh The Prophets Mosque closed first time 14 centuries since time Prophets mission Islam Y|positive
1241546754853679106|2020-03-22|Boyfriend amp I practicing social isolation though stuck small house together It 's|negative
1241546755453243397|2020-03-22|Miss__Ruhi NeetuSoniInsan1 Gurmeetramrahim Method Of Meditation Is The Strongest Weapon To Remove Corona Virus Given By Chief Of de|neutral
1241546755742806016|2020-03-22|Castro0Jay Dominicans found cure corona virus|neutral
1241546756057452552|2020-03-22|KingRyanG I hate corona virus AHHH|negative
1241546756107558912|2020-03-22|geofflemon I almost everything right Worked home Saw one friend last 10 days Had beer hour outside pub ei|positive
1241546756644581377|2020-03-22|CallNotEvilGood DGPurser Jamierodr14 POTUS The liberal media wants us deny Chinese Corona Virus came China It definit|positive
1241546756942368769|2020-03-22|AlecBenjamin f u corona f u|neutral
1241546756896092160|2020-03-22|PDWKB Please retweet support ikaveri iamrana OvaisSultanKhan mynameswatik|neutral
1241546757193912320|2020-03-22|I know I talk alotta shit Social Media seriousness I WAIT till Corona shit It|positive
1241546757714018306|2020-03-22|geofflemon I almost everything right Worked home Saw one friend last 10 days Had beer hour outside pub ei|positive
1241546757873401858|2020-03-22|ikarbertweet This tweet age well|neutral
1241546758964088832|2020-03-22|Themlotsdad Who work The Bangladeshis forced work 20 hour days|negative
1241546759500939267|2020-03-22|868nathan No one Not single soulllll Corona Virus trying bait us|positive
1241546760050184193|2020-03-22|monsouleil STOP CORONA YOURE KILLING THE VIBE I JUST WAN NA SEE MY MAN|neutral
1241546761161904129|2020-03-22|This takes madness new level|positive
1241546761811836928|2020-03-22|VishalI13305110 PrayersForCoronaFreeWorld Janta Curfew let us fullfill moral responsibility sporting janta Curfew|neutral
1241546762151530497|2020-03-22|RGVzoomin And F ..... Is Ram Gopal Varma anything destroy corona virus ..... Just asking side .........|negative
1241546763405651968|2020-03-22|YEESSSIIIRRR future grandson hey grandpa want corona|neutral
1241546763779166211|2020-03-22|isaaciaga h- mom phd corona virus graduating whatsapp threads|neutral
1241546763909107712|2020-03-22|no_silenced NM see nobody seeing point We seeing Shit tons people like famous actors singers athletes congress|positive
1241546764261314560|2020-03-22|suhmericano bitch doesnt even fucking medical degree yet talks like saved italy back palm|neutral
1241546764362055683|2020-03-22|AiyshwaryaM Thats Sowmyareddyr|neutral
1241546764454330369|2020-03-22|KyarraIman_ No offense corona virus disappearing April actually sucks|negative
1241546764940959744|2020-03-22|RiqoSwervo This night school trip primary school|positive
1241546765221888000|2020-03-22|No way wth joe got corona|neutral
1241546765641199617|2020-03-22|ArvindKejriwal All Delhi Govt press conferences conducted digitally Its important journalists|positive
1241546766064984064|2020-03-22|LustCrystal I think I might fuck Corona Bottle itscoronatime|negative
1241546767478525952|2020-03-22|Prepare see COVID-19 cases rising That n't mean social distancing failed CBC News|negative
1241546768267055106|2020-03-22|KyarraIman_ No offense corona virus disappearing April actually sucks|negative
1241546768439001091|2020-03-22|CliftonTG mines july im straight|positive
1241546769336389632|2020-03-22|profplum99 Please read Contact elected representatives tell chill f|neutral
1241546770057818113|2020-03-22|DKShivakumar I appeal central amp state govt announce 'Special Corona Financial Package keeping mind interests|positive
1241546770309619713|2020-03-22|Riot_Bruh first kobe next corona 've got fucking Brand blowing shit jesus fuck|negative
1241546770313814017|2020-03-22|geofflemon I almost everything right Worked home Saw one friend last 10 days Had beer hour outside pub ei|positive
1241546770792034304|2020-03-22|No one knows better I|positive
1241546770955390981|2020-03-22|geeta_dhiman7 PrayersForCoronaFreeWorld Prayers Corona free world The power prayer multiplied pray together Let|positive
1241546771731558407|2020-03-22|YEESSSIIIRRR future grandson hey grandpa want corona|neutral
1241546771811028992|2020-03-22|YEESSSIIIRRR future grandson hey grandpa want corona|neutral
1241546772880613377|2020-03-22|yuveeeeen always comfortable spots hits 3G|positive
1241546773522452480|2020-03-22|RealDreylo Zlatan trending Corona virus|neutral
1241546774592081925|2020-03-22|anything4views I may Corona Virus I come virus hahahaha .... text|positive
1241546774420107264|2020-03-22|nsitharaman nsitharamanoffc FinMinIndia caamresh instead introducing another futile torm CAR 2020 u ext|positive
1241546775288107008|2020-03-22|KyarraIman_ No offense corona virus disappearing April actually sucks|negative
1241546775355207680|2020-03-22|etereokth help im bored scared corona public corona|negative
1241546775728709633|2020-03-22|MachaelaLeClear omg precious tell corona gets near literally destroy|positive
1241546775653019649|2020-03-22|JerryFalwellJr My 20 year old son almost lost life Swine Flu 2009 poor response BarackObama T|negative
1241546776085237762|2020-03-22|Shaq758 Everyday quarrel Everyday fight In corona times must put differences aside reunite short po|negative
1241546776395616256|2020-03-22|SeriouslyWtbi RobertA54611889 seanhannity Really A picnic How many died swine many died corona|positive
1241546776370278402|2020-03-22|bibbygregory MURDERBRAVADO watch film festival 's website went digital bc corona wit|neutral
1241546776823431169|2020-03-22|geofflemon I almost everything right Worked home Saw one friend last 10 days Had beer hour outside pub ei|positive
1241546776450080768|2020-03-22|PrayersForCoronaFreeWorld Staying safe home present requirement By staying indoors Pray Medi|positive
1241546777754566656|2020-03-22|sineadxia So shortness breath corona symptom right know also gives shortness breath Anxiety And know|positive
1241546777892917248|2020-03-22|SenSanders 34,927.43 That medical bill uninsured patient got tested treated coronavirus This n|neutral
1241546778480181251|2020-03-22|AsifIqbalccw Avoid unrecognised people social media spreading fake news Corona Virus amp treatment Save|negative
1241546778970898434|2020-03-22|girlsreallyrule Please help get article people informed money Kushner family stands make|neutral
1241546779331399680|2020-03-22|chitrarit Look idiot Ramakant Yadav He thinks CORONAVIRUS something fictitious invented Modi|negative
1241546779683938306|2020-03-22|I saying earlier today team AstroGateSpace ... I think 14 days delayed reaction|negative
1241546780489027584|2020-03-22|Ghair_Kanooni Indian billionaires invoking bhakti ki Shakti Never underestimate Corona ephemeral bu|negative
1241546781256757249|2020-03-22|corona please fucking go awaaaaaaaaaaaaaaaaaaaaaaaaaaaaaaaaaaaaaaaaaaaaaaaaaaaaaay|negative
1241546782083080192|2020-03-22|The real crisis flu yet overlooked By numbers clear see governments pu|negative
1241546783429279745|2020-03-22|YEESSSIIIRRR future grandson hey grandpa want corona|neutral
1241546783299436547|2020-03-22|jacobinmag The COVID-19 epidemic done major damage around world highlighting serious structural problems US|negative
1241546784322830340|2020-03-22|geofflemon I almost everything right Worked home Saw one friend last 10 days Had beer hour outside pub ei|positive
1241546784918376449|2020-03-22|hi11e1 GovLarryHogan virus scare I yet see body proof body died corona|neutral
1241546784859717632|2020-03-22|How would open _Thewas_ SavageGhost4 odurochan|neutral
1241546785883029506|2020-03-22|ReallySwara Amid dismal corona updates heres bit old news resurfaced due 2 NirbhayaVerdict carried|negative
1241546786327724034|2020-03-22|I drank much wine week I think I beginning hate God Ms Corona done|negative
1241546786709352459|2020-03-22|DynastyClaire OurPresidentBernie spent days raising money corona relief groups Doing virtual town halls addresses|negative
1241546788009459714|2020-03-22|digitaldutta While look corona problem please acknowledge inequality problem|neutral
1241546788349169664|2020-03-22|geeta_dhiman7 PrayersForCoronaFreeWorld Prayers Corona free world The power prayer multiplied pray together Let|positive
1241546789267914753|2020-03-22|ya_stuart cardi b trade marking corona virus exactly corona virus needed|positive
1241546789850886145|2020-03-22|GabiMooneyy We got Kardashian drama pandemic Corona works hard Kris Jenner works harder KimKardashianOverParty ht|negative
1241546789871931392|2020-03-22|brittanya187187 Tell Im laying pool naked amp pool guy shows I thought one working corona|neutral
1241546789926379522|2020-03-22|Snduhukire BREAKING NEWS Corona Virus confirmed Uganda .. Details follow shortly nbstv|positive
1241546789913858049|2020-03-22|NicolleDWallace We cant get face masks Trump-corona story 5 words via NYTimes|neutral
1241546791369289729|2020-03-22|tchxls Idk Ill call corona find|neutral
1241546791721603072|2020-03-22|isaaciaga h- mom phd corona virus graduating whatsapp threads|neutral
1241546791868338176|2020-03-22|kthalps Bernie Sanders egomaniac amp supporters toxic cultists messiah complex ...|negative
1241546791964815361|2020-03-22|Corona got ppl|neutral
1241546792337997824|2020-03-22|YOU ARE NOT IMMUNE CoronavirusPandemic TrumpLiesPeopleDie|neutral
1241546792606498817|2020-03-22|filippoc1970 Texas NY amp Cali 3 largest states Cuomo amp Newsom aggressive knowing 's come In Texas Greg Abbo|neutral
1241546793344577536|2020-03-22|medeabenjamin WTF I got funding request Joe Biden w subject line My stutter In midst corona nightmare|negative
1241546794124955649|2020-03-22|TweetOfSpirit_ well boys guess corona time|neutral
1241546794166661120|2020-03-22|geofflemon I almost everything right Worked home Saw one friend last 10 days Had beer hour outside pub ei|positive
1241546794569469953|2020-03-22|PuestoLoco This model Trump 's plan Let 's keep blowing shit water|negative
1241546794787647489|2020-03-22|Mareq16 This yacht Hanks staying Spectre Reports say hanks Australia corona virus treatment The yacht Spe|neutral
1241546795030908931|2020-03-22|kthalps Who examples politicians media blaming Sanders exposing people corona n't drop Or claiming|neutral
1241546794988863488|2020-03-22|paulbensonsucks If structured settlement need cash|neutral
1241546795101990912|2020-03-22|AM719_RajA ISupportJantaCurfew It 's Curfew It 's care .... To overcome biggest corona attack It 's necessary|neutral
1241546795127386113|2020-03-22|sineadxia So shortness breath corona symptom right know also gives shortness breath Anxiety And know|positive
1241546795286593536|2020-03-22|tonyschwartz Let 's move Corona briefings White House Albany Governor Cuomo|neutral
1241546795098005504|2020-03-22|KyarraIman_ No offense corona virus disappearing April actually sucks|negative
1241546795433504768|2020-03-22|certifiedCabron Anybody else randomly yell Corona Virus Cardis voice|negative
1241546795811065857|2020-03-22|maaidahhh brown dads going jummah corona kuch ni hota yeh humen islam se door krnay ki sazish hai|neutral
1241546796012314625|2020-03-22|Paul Stramer Lincoln County Watch Coronavirus New Name Common Cold|negative
1241546797312430082|2020-03-22|nimmasuresh Just loved statement AIIMS doctor ... This virus Corona Virus big ego come|positive
1241546797224538118|2020-03-22|VishalI13305110 PrayersForCoronaFreeWorld Prayers Corona free world The power prayer multiplied pray together Le|positive
1241546798558314496|2020-03-22|YEESSSIIIRRR future grandson hey grandpa want corona|neutral
1241546799355006978|2020-03-22|yuveeeeen always comfortable spots hits 3G|positive
1241546799715889154|2020-03-22|YEESSSIIIRRR future grandson hey grandpa want corona|neutral
1241546799602638852|2020-03-22|WarNuse How Many Will Scrutinise Research Or Read The List Of Ingredients In The Corona Vaccine BEFORE Taking The Shot I 'm Not Im|positive
1241546800571408390|2020-03-22|caseyoldwin If youve ever Sunsplash immune Corona Virus|neutral
1241546800730738689|2020-03-22|YEESSSIIIRRR future grandson hey grandpa want corona|neutral
1241546801271812096|2020-03-22|no_silenced I see people saying things Corona Checks like ... Its money look like im taking back whats|neutral
1241546801808801803|2020-03-22|geofflemon I almost everything right Worked home Saw one friend last 10 days Had beer hour outside pub ei|positive
1241546802215694338|2020-03-22|YEESSSIIIRRR future grandson hey grandpa want corona|neutral
1241546802991521792|2020-03-22|isaaciaga h- mom phd corona virus graduating whatsapp threads|neutral
1241546803234910208|2020-03-22|They send Albany GA. Valdosta ThanksJackMa COVID19US QuaratineLife|negative
1241546803373379585|2020-03-22|isaaciaga h- mom phd corona virus graduating whatsapp threads|neutral
1241546804304330752|2020-03-22|jek___ LOCKDOWN JINGAN|neutral
1241546804413505537|2020-03-22|sineadxia So shortness breath corona symptom right know also gives shortness breath Anxiety And know|positive
1241546805256445954|2020-03-22|Laddo777MSG PrayersForCoronaFreeWorld Corona virus spreading fastly direct contact infected people 's|positive
1241546805466116097|2020-03-22|certifiedCabron Anybody else randomly yell Corona Virus Cardis voice|negative
1241546805441187842|2020-03-22|SCMPNews You like guy wants interrupt discussion clarify age range pedophilia Sit|positive
1241546805797629953|2020-03-22|DynastyClaire OurPresidentBernie spent days raising money corona relief groups Doing virtual town halls addresses|negative
1241546806296825856|2020-03-22|KyarraIman_ No offense corona virus disappearing April actually sucks|negative
1241546806925746177|2020-03-22|NicolleDWallace We cant get face masks Trump-corona story 5 words via NYTimes|neutral
1241546806942527488|2020-03-22|CBSNews If I get corona I get corona At end day I 'm gon na let stop partying Spring breakers still|neutral
1241546807273873408|2020-03-22|yuveeeeen always comfortable spots hits 3G|positive
1241546807466799104|2020-03-22|ArvindKejriwal In addition 3 Lunch dinner served free every person Delhi govt night shelters 4 Fo|positive
1241546807634788352|2020-03-22|BronxPinstripes I immediately assumed going corona virus handshake alternative Fuck I miss baseball|negative
1241546807781580801|2020-03-22|Themlotsdad Who work The Bangladeshis forced work 20 hour days|negative
1241546807852904451|2020-03-22|sineadxia So shortness breath corona symptom right know also gives shortness breath Anxiety And know|positive
1241546808079368193|2020-03-22|Mylastrollo Yes I believe pretty lead many problems later life Best avoid corona cost|positive
1241546808762875905|2020-03-22|yuveeeeen always comfortable spots hits 3G|positive
1241546808993763328|2020-03-22|frozenfldrinks Scott_5D KenobiCheated margie_strike garym27 lizmoblubuckeye Persiflage77 BCOOL333 lizlibra1009 RachaelZ17 ze|neutral
1241546809564168192|2020-03-22|chashmish_Ed trynna fight corona virus|neutral
1241546808976756738|2020-03-22|narendramodi Praying respect health professionals continuously fighti|neutral
1241546809878761472|2020-03-22|geofflemon I almost everything right Worked home Saw one friend last 10 days Had beer hour outside pub ei|positive
1241546810637811712|2020-03-22|xXAssassinXx_ empsbaka Then dont I corona My sleep time 12Am 5-7AM|neutral
1241546810587373568|2020-03-22|narendramodi Dear Modi ji Why plane service stopped source spreading CORONA COVID 19|neutral
1241546811715678213|2020-03-22|Mishti67234159 Not single peaceful said support curfew Why india responsible ppl eho hv respect|positive
1241546811778752512|2020-03-22|repeat 5x maximum results|neutral
1241546812227375104|2020-03-22|inclhmptn corona shit getting outta hand seen nigga rub hand sanitizer latex gloves|negative
1241546812189794304|2020-03-22|YEESSSIIIRRR future grandson hey grandpa want corona|neutral
1241546812353212417|2020-03-22|VinodSharmaView Whats Indian corporate sector way lending shoulder Govt citizens fight Corona Couldn|neutral
1241546813385007104|2020-03-22|neighbors probably think omg|neutral
1241546813817192449|2020-03-22|YEESSSIIIRRR future grandson hey grandpa want corona|neutral
1241546814559588354|2020-03-22|DKShivakumar I appeal central amp state govt announce 'Special Corona Financial Package keeping mind interests|positive
1241546814962237440|2020-03-22|YEESSSIIIRRR future grandson hey grandpa want corona|neutral
1241546815864016896|2020-03-22|NicolleDWallace We cant get face masks Trump-corona story 5 words via NYTimes|neutral
1241546816312823813|2020-03-22|pulte Hi many bills pay money I work food store I live mother I 'm afraid|positive
1241546816597848064|2020-03-22|Saliimthedream I got corona|neutral
1241546816522465286|2020-03-22|Secondmember FAMILYGUYCLIPZ That thing looks like soaks corona like mofo|neutral
1241546816849686530|2020-03-22|sineadxia So shortness breath corona symptom right know also gives shortness breath Anxiety And know|positive
1241546817084456961|2020-03-22|YEESSSIIIRRR future grandson hey grandpa want corona|neutral
1241546817528926208|2020-03-22|Damn Terawan|neutral
1241546818162319360|2020-03-22|yuveeeeen always comfortable spots hits 3G|positive
1241546818317664263|2020-03-22|YEESSSIIIRRR future grandson hey grandpa want corona|neutral
1241546818611073024|2020-03-22|sambitswaraj Friends lets contribute Indias fight Corona following PM Sh narendramodi Ji advised JantaCu|neutral
1241546818996957184|2020-03-22|mknid You think job tough Just two months job rescue 14 million people 100 yrs floods Fiv|negative
1241546819169128448|2020-03-22|shaktism_ Esplanade mall corona|neutral
1241546819160637440|2020-03-22|joshieyamaguchi corona sis leaving may right|positive
1241546819458314240|2020-03-22|Im treating UTI new medication drinking/taking probiotics I make feel|positive
1241546820221915138|2020-03-22|40oz_VAN I dont care bad corona virus gets Im dancing Tik Tok lol|positive
